Column1,Column2,Column3,Column4,Column5,Column6,Column7,Column8,Column9,Column10,Column11,Column12,Column13,Column14,Column15,Column16,Column17,Column18,Column19,Column20,Column21,Column22,Column23,Column24,Column25,Column26,Column27,Column28,Column29,Column30,Column31,Column32,Column33,Column34,Column35,Column36,Column37,Column38,Column39,Column40,Column41,Column42,Column43,Column44,Column45,Column46,Column47,Column48,Column49,Column50
0.035594883,0,0.044999076,0.04600865,0.037392732,0.04611946,0.01482129,0.030204033,0.045916397,0.082895209,0.101808419,0.091300138,0.055150245,0.078371289,0.077774042,0.074910464,0.039174432,0.028801311,0.047344864,0.057939251,0.035460363,0.018651206,0.051519286,0.040929089,0.022204552,0.051856033,0.023852345,0.023166592,0.025678252,0.025211737,0.04818008,0.021197073,0.022742603,0.018780029,0.045150909,0.060278896,0.036976041,0.054756209,0.069581912,0.066140396,0.057447212,0.047810162,0.048266687,0.067103564,0.039066615,0.031830322,0.020924577,0.045678318,0.060139888,0.048700691
0.02071331,0.075255183,0.145359101,0.08473591,0.07883421,0.115001398,0.110765194,0.103148407,0.046378403,0.035694387,0.008243579,0.008517161,0.032337605,0.008683352,0.015204271,0.026780517,0.042529965,0.079551961,0.048666905,0.011525663,0.032215019,0.054027533,0.044369309,0.049198325,0.008393727,0.040234958,0.053715193,0,0.028177232,0.090998993,0.085691592,0.039918231,0.021903213,0.045102925,0.072019442,0.125064226,0.060528011,0.053635287,0.069717875,0.048523708,0.000310598,0.027641382,0.07434512,0.011972479,0.029954995,0.069463232,0.082513157,0.058168131,0.034699508,0.013144879
0.082319611,0.107415606,0.070816949,0.090439199,0.078018232,0.110022662,0.147126779,0.071510168,0.116275282,0.116978942,0.132001104,0.098464325,0.128943704,0.051990798,0.062708963,0.133489208,0.083497749,0.078132017,0.087555968,0.071802088,0.114395697,0.058763096,0,0.011510882,0.078584134,0.155524803,0.087947506,0.122244429,0.093476817,0.086293968,0.102716172,0.089513797,0.134353237,0.114144576,0.071715358,0.050914083,0.060342474,0.056585953,0.060051618,0.009809974,0.057459083,0.109820061,0.111114369,0.083199033,0.097055937,0.13187575,0.100951463,0.085460049,0.069074607,0.068273088
0.063174147,0.035351996,0.049011582,0.07619731,0.05385731,0.05351087,0.027574142,0.053100697,0.042488408,0.074407748,0.073524372,0.098935796,0.110391284,0.061682491,0.051480469,0.038601428,0.070230754,0.083914151,0.116683032,0.113340506,0.112345661,0.08570893,0.101306622,0.078973182,0.111603809,0.046328829,0.008220456,0.035796663,0.019159195,0.104690373,0.072283827,0.060190378,0.079222797,0,0.035386674,0.086942972,0.085842613,0.063004139,0.053129169,0.084097264,0.122525709,0.176289117,0.131901545,0.05017568,0.093842272,0.1004335,0.057514105,0.113019532,0.094142974,0.076351247
0.214660174,0.141951,0.156544647,0.169519054,0.126240638,0.089429997,0.129856748,0.139045077,0.215095144,0.210096306,0.14927853,0.114779846,0.129098914,0.076001077,0.075583612,0.112307337,0.165919907,0.136520855,0.078560588,0.017316159,0,0.134715079,0.105668991,0.164172418,0.175653194,0.210379699,0.194333348,0.254368687,0.261547524,0.124071283,0.146250875,0.153530343,0.144231291,0.158958419,0.087745583,0.11293139,0.181676055,0.09212993,0.073552416,0.057462973,0.104309581,0.140704876,0.099106074,0.083680735,0.103598242,0.190464696,0.162299922,0.147460144,0.113197218,0.209400754
0.134190277,0.123921564,0.031012232,0.020917444,0.05866074,0.159957476,0.166777018,0.096271696,0.071818758,0.090144008,0.085173455,0.087578714,0.099416912,0.047917275,0.055744077,0.019266,0.107142803,0.127893568,0.03598729,0.091266932,0.081692852,0.079669006,0,0.063230061,0.082552076,0.123785854,0.010931515,0.008698144,0.050641584,0.132290769,0.149941414,0.089533324,0.132635726,0.1353791,0.200718744,0.133778654,0.09828278,0.199733991,0.096330176,0.150363634,0.226330922,0.25693981,0.165393911,0.161533745,0.092797074,0.045900537,0.022153002,0.145196481,0.144471948,0.154866946
0.296003868,0.127458659,0.156714245,0.21931804,0.177941018,0.107097456,0.183758214,0.108911328,0.134508265,0.149057394,0.177010132,0.2055634,0.187953651,0.201984162,0.224812095,0.188712826,0.14462652,0.197330602,0.261131413,0.288767626,0.226644925,0.123375227,0.095907811,0.173133977,0.250240149,0.183327341,0.12716858,0.174162101,0.112088205,0.119567715,0.198182691,0.130784199,0.121110691,0.17684045,0.245916379,0.191932359,0.060868332,0.013162103,0.071647081,0,0.115592242,0.194575045,0.161262941,0.252904734,0.21046759,0.048043546,0.08407501,0.128954003,0.11480466,0.209917951
0.156191177,0.197294291,0.135657724,0.231772894,0.095546278,0.106894919,0.238912464,0.134070987,0.257303599,0.248650997,0.133726987,0.224629256,0.260366947,0.197748894,0.105092785,0.105922503,0.20941527,0.287650259,0.228733427,0.231160926,0.123761152,0.131581263,0.249130136,0.220594248,0.1674495,0.156416537,0.066122239,0.176163188,0.288389629,0.158203264,0.077491533,0.158283613,0.159377243,0.177549973,0.208751112,0.123672804,0,0.093638385,0.157894737,0.21601545,0.270173327,0.168946721,0.156351804,0.15037483,0.155770171,0.154122273,0.153610043,0.167555352,0.111268234,0.078361716
0.199022749,0.029558031,0.057785664,0.225459698,0.284050108,0.228140615,0.163620063,0.161619051,0.130330007,0.202744881,0.170487355,0.142552522,0.283602672,0.247479824,0.218315818,0.251400522,0.187181428,0.127449815,0.009310982,0.079819195,0.160982163,0.214775026,0.246580973,0.119748245,0.104791401,0.155484357,0.182568927,0.247393991,0.108666141,0.042926338,0.179163219,0.22732257,0.242749883,0.154306334,0.12281768,0,0.066046862,0.088423813,0.201358941,0.315892199,0.226364959,0.291183179,0.200385998,0.221363912,0.14179138,0.152192956,0.202642002,0.150351505,0.104493913,0.204258663
0.428902848,0.178812058,0.156082954,0.110202053,0.162922701,0.19167818,0.189807677,0.188406838,0.221533281,0.195110969,0.28060966,0.243731673,0.325627226,0.153118499,0.10277437,0.199200585,0.267288329,0.148005365,0.255858542,0.25960558,0.201144587,0.067314158,0.160735626,0.235516754,0.042854894,0.03410831,0.185526116,0.251960777,0.192203017,0.202306121,0.275098933,0.202320016,0.165154682,0.15218853,0.09128931,0.089516847,0.233989475,0.211501104,0.110445063,0.055456066,0.143448132,0.273186242,0.258166801,0.088831516,0,0.219442826,0.168245336,0.139446156,0.115058554,0.271805531
0.186447921,0.32495098,0.188475281,0.105838641,0.065656559,0.236578494,0.18779976,0.197357549,0.148979565,0.241102018,0.091304713,0.175381476,0.164458105,0.157257578,0.208534667,0.227822715,0.237851716,0.140895862,0.197803193,0.240494196,0.059552183,0.016746866,0.129559712,0.159973428,0.184775515,0.201502666,0.278533091,0.324343323,0.319615171,0.412326257,0.434229951,0.313683409,0.211102849,0.208843491,0.183144997,0.12725444,0.209206579,0.151023388,0.151514602,0.244881798,0.340523227,0.253435371,0.334845239,0.277111519,0,0.192792713,0.386624515,0.216724933,0.324325628,0.272620047
0.221678999,0.125521339,0.13946369,0.083903792,0.090246011,0.028875305,0.019205575,0.258957444,0.297887916,0.252020913,0.430421827,0.268935801,0.122078355,0.192954685,0.195746665,0.112684199,0.167182045,0.118285401,0.227181089,0.284550183,0.278713328,0.238996845,0.143244621,0.320656053,0.133456192,0.040274539,0.091108931,0.344740071,0.250895088,0.205772145,0.201188426,0.382019542,0.217016618,0.190226376,0.368824662,0.461650859,0.132753461,0.084673713,0.097348268,0.247849746,0.310056059,0.233331088,0.201398815,0,0.157007488,0.229833099,0.227558459,0.14415816,0.047888961,0.175441376
0.216930663,0.290258859,0.211074646,0.14374206,0.107310125,0.183906823,0.208651882,0.197606218,0.178215947,0.137397948,0.198140608,0.20023467,0.169208999,0.316288284,0.257104923,0.043010464,0.152456994,0.219982941,0.230248386,0.312409733,0.217813787,0.212000994,0.21872443,0.246401629,0.33919428,0.37901516,0.395825953,0.280723474,0.214475258,0.051829482,0.115142809,0.187322987,0.156081466,0,0.043107745,0.147195612,0.135420497,0.060673351,0.080078249,0.316492003,0.406422344,0.282090242,0.14617154,0.24924062,0.281111347,0.185347573,0.152285503,0.098474262,0.150995335,0.103338247
0.334974416,0.298165218,0.350513366,0.105265521,0.180791596,0.523761052,0.350714694,0.133895104,0.095622738,0,0.116057215,0.306980875,0.304371774,0.275450403,0.310081333,0.164665157,0.26673071,0.353128774,0.30675179,0.216572665,0.325278757,0.273299021,0.343461926,0.333876225,0.265502438,0.264570839,0.200863659,0.227297524,0.238528747,0.289465067,0.408828472,0.428352723,0.279984682,0.260672616,0.44730725,0.530801172,0.493461666,0.350094949,0.203716576,0.193440914,0.245542868,0.166316058,0.21490497,0.316673174,0.271229222,0.251411732,0.418056365,0.329481813,0.203223049,0.337373847
0.315860173,0.238023951,0.164591666,0.086661238,0.210732682,0.294993626,0.273236414,0.239334242,0.137582038,0.266218583,0.278312105,0.045517975,0,0.169268026,0.088887629,0.066547579,0.047144634,0.060922364,0.253957988,0.320145321,0.18190074,0.122073538,0.248548997,0.282995101,0.34030066,0.373940376,0.336679006,0.320057511,0.175456486,0.299094007,0.292529803,0.218240347,0.073221866,0.165176944,0.306276147,0.107622915,0.142674863,0.172046689,0.290568718,0.279554161,0.299111181,0.273140772,0.12151001,0.221162086,0.213355166,0.124847097,0.161871588,0.182429205,0.195608558,0.258169062
0.47552382,0.284646365,0.185680779,0.391861342,0.417073964,0.256570621,0.177016244,0.326712712,0.221166848,0.089516201,0.117429763,0.083462189,0.155589733,0.375416418,0.361153382,0.25682464,0.263186907,0.268545611,0.189499477,0.242024447,0.304506092,0.081943025,0.136183938,0.359185302,0.322055976,0.119129966,0.191428245,0.15714549,0.326829638,0.363481139,0.417181214,0.22018626,0.141918718,0.337152816,0.410604818,0.60209772,0.248113667,0.218558391,0.29779418,0.201113713,0,0.090217718,0.245861921,0.341394123,0.278165071,0.351479723,0.239190169,0.193581204,0.023404148,0.20772515
0.325900855,0.403810204,0.205152086,0.210828873,0.155800933,0.133721776,0.398427628,0.359466452,0.228061276,0.447593359,0.344922124,0.143960438,0.018778504,0.256083531,0.168866907,0,0.286621735,0.270033686,0.243921895,0.43329407,0.330157666,0.480010316,0.537206526,0.302480832,0.470222217,0.337155234,0.254253731,0.241109631,0.165069841,0.166363629,0.153793298,0.378477187,0.496990142,0.361449675,0.348877148,0.305223467,0.17319065,0.269143962,0.281061077,0.279674569,0.314201344,0.081784441,0.238989165,0.183806604,0.103119785,0.11132937,0.175438942,0.310210549,0.343399356,0.251036497
0.278769033,0.331163654,0.186145444,0.28564942,0.257877768,0.129166993,0.338415003,0.289107497,0.176783354,0.226414634,0.329960607,0.37537068,0.381310046,0.486242724,0.510589285,0.235236368,0.272936403,0.279861884,0.311302968,0.120916106,0.274017702,0.293238882,0,0.109293569,0.141204982,0.202331575,0.339118936,0.364635673,0.226243713,0.152573519,0.322304063,0.41742892,0.279024005,0.122725825,0.127369093,0.415908366,0.158119147,0.217886597,0.300036236,0.31436369,0.364042085,0.410115961,0.243913428,0.341034704,0.581189237,0.317154208,0.148578838,0.064821864,0.147737399,0.186484629
0.070182763,0.335789004,0.223434296,0.176663627,0.274915677,0.380685356,0.211382598,0.465559788,0.33488899,0.013973782,0.172898966,0.457990896,0.312260869,0.329693395,0.209136409,0.260497056,0.234234811,0.113583198,0.288073742,0.327936656,0.293687262,0.331298874,0.249539372,0.22998852,0.309923144,0.289912923,0.51803743,0.316509036,0.319841136,0.279285442,0.289947434,0.351952536,0.262467416,0.207462913,0.203897674,0.230232627,0.344457561,0.04188609,0,0.019662536,0.112052573,0.391726251,0.373411291,0.330670631,0.37120753,0.219329289,0.182880788,0.24518237,0.280259248,0.389504946
0.225294718,0.31952406,0.241371881,0.210818049,0.207096419,0.311301233,0.416413897,0.343407726,0.285938439,0.4626296,0.327534432,0.206995371,0.093992075,0.378912213,0.374454664,0.338715323,0.210804626,0.076571872,0.175362097,0.355239215,0.448121909,0.551603687,0.366572537,0.190873077,0,0.288928864,0.278324572,0.177629522,0.151047689,0.318779301,0.494137158,0.335970134,0.101800889,0.124703375,0.174730291,0.323839431,0.362589543,0.256244914,0.250847892,0.412044254,0.381921427,0.318645864,0.187925196,0.222374705,0.254920669,0.393374258,0.497367444,0.576936972,0.61381464,0.362268363
0.154421428,0.274535881,0.214838772,0.194285947,0.279668023,0.300043744,0.175062532,0.032965673,0.263386345,0.207731693,0.274440214,0.424887504,0.544742045,0.244518349,0.297643228,0.164119914,0.207894123,0.151022815,0.353481775,0.424553854,0.27044771,0.275125101,0.194357371,0.153777505,0.086795913,0.294212841,0.232692426,0.138347287,0.088709724,0,0.067795872,0.094500326,0.001466627,0.248358726,0.235752141,0.119343863,0.03546297,0.107369551,0.139682171,0.284852451,0.180180258,0.065549022,0.245825886,0.275334317,0.22310042,0.156096126,0.272355754,0.224732944,0.209121621,0.109029677
0.301231288,0.188733941,0.213316033,0.401753114,0.521008327,0.497831601,0.51925395,0.424212254,0.438986617,0.369245024,0.468631638,0.4442574,0.297846078,0.384967878,0.304997059,0.29153568,0.362867822,0.577053438,0.561984818,0.36599201,0.348851949,0.188954836,0.026884857,0.239720614,0.479078435,0.388713983,0.147380544,0.26084853,0.285360458,0.394676473,0.502586624,0.567849081,0.489971758,0.532265273,0.488013753,0.500253006,0.450216829,0.312752011,0.068759067,0,0.381324116,0.419731712,0.563751343,0.638234536,0.560024829,0.343542403,0.463322162,0.242848705,0.239345351,0.479205529
0.43371964,0.576402065,0.447770424,0.191334061,0.126373951,0.266024583,0.468515626,0.353859228,0.244574549,0.496188112,0.366694738,0.272817645,0.19699157,0.245859464,0.454966184,0.297813623,0.447920217,0.26949371,0.331035123,0.165689669,0.216325693,0.235990498,0.134952426,0.137419238,0.300103424,0.26121808,0.368185785,0.403847334,0.100924719,0.37135112,0.403621026,0.406932463,0.333292095,0.097804264,0,0.250399787,0.236826831,0.284953093,0.439385163,0.394441858,0.202615885,0.019082925,0.189736068,0.267548166,0.135192478,0.250223748,0.388090652,0.394273014,0.362415177,0.30626948
0.37720454,0.229438642,0.199826047,0.255396061,0.429578686,0.421000185,0.37673021,0.40414865,0.275513487,0.645039582,0.254438485,0.146626147,0.124945949,0.110047444,0.099949649,0.199527461,0.047244471,0.135005086,0.096489466,0.065070051,0.278222055,0.273697596,0.235904688,0.090726824,0.097275089,0.213304695,0.278931848,0.349896437,0.330468986,0.204462992,0.265181963,0.102501677,0.190814381,0.127395115,0.112557023,0.035924159,0.126857323,0.043415974,0.017911411,0.007105151,0,0.167697563,0.430052368,0.258945033,0.102680832,0.126765345,0.253828183,0.171877267,0.055873021,0.076518956
0.413819033,0.44766799,0.37712518,0.3341858,0.666667086,0.508665166,0.407894099,0.450386403,0.500470976,0.355157099,0.374046427,0.314100445,0,0.190710384,0.173297796,0.114052561,0.275543022,0.426039715,0.693630736,0.29591768,0.228373241,0.44466156,0.375316644,0.401047725,0.739945834,0.422028773,0.313785523,0.468043514,0.392518205,0.469770073,0.625977137,0.504407408,0.454647139,0.356362469,0.342672277,0.282864007,0.381120823,0.450384,0.451858011,0.362935921,0.309407628,0.353731134,0.312677812,0.328622475,0.402675034,0.485798291,0.460786039,0.388955306,0.431841401,0.376929487
0.415982371,0.297015303,0.169704539,0.196804719,0.410059656,0.294297408,0.261053111,0.378891995,0.546484381,0.201275876,0.262390545,0.078922726,0.259561966,0.24204661,0.102046819,0.211478991,0.164940756,0.289401325,0.135100563,0.33766119,0.55864929,0.43169304,0.358326763,0.304737152,0.355910404,0.447596484,0.187462044,0,0.277170397,0.533196558,0.455979875,0.474685833,0.523582137,0.455403369,0.321207137,0.263083187,0.31746819,0.229096541,0.098196838,0.236576397,0.208034445,0.292248462,0.395237291,0.526292352,0.506761017,0.477245177,0.316189754,0.042102958,0.136082876,0.450615856
0.533750338,0.425153814,0.326224013,0.127536248,0.114861467,0.193645802,0.3962346,0.396552441,0.36799567,0.537354755,0.62687889,0.54145742,0.174483603,0.11077207,0.283665037,0.110929926,0.214299888,0.326960569,0.155668222,0.267616969,0.252153536,0.338128452,0.302849976,0,0.036578131,0.111172848,0.254980483,0.331469202,0.612867701,0.546292258,0.384455248,0.387022805,0.408520719,0.220331856,0.229520374,0.33818938,0.201659553,0.056973572,0.266531691,0.638089649,0.379476536,0.267304967,0.411066896,0.178421493,0.192247604,0.193540056,0.403736935,0.508813627,0.330678278,0.248034448
0.269625122,0.16919812,0.22703069,0.442352061,0.424581971,0.419252937,0.571892554,0.491424138,0.151494714,0.459200814,0.456260387,0.308883452,0.301672821,0.046175567,0.118783162,0.183877285,0.350362791,0.496284827,0.358681926,0.233294362,0.137786885,0.113213812,0.156730198,0.461573212,0.164370417,0.366371946,0.503492127,0.211303175,0.219889724,0.200280141,0,0.234168415,0.51061418,0.448759034,0.381183606,0.155022154,0.430662479,0.267098356,0.0369993,0.225181109,0.348603623,0.60271264,0.657858175,0.4169008,0.413951028,0.45472915,0.620856228,0.298044901,0.253701582,0.322229676
0.378047769,0.521472955,0.624465511,0.196583704,0.563106834,0.324995213,0.569443352,0.509615955,0.391848117,0.627560998,0.356645333,0.342066215,0.320536992,0.207355524,0.322966499,0.633769727,0.548426811,0.246223443,0.191175556,0.501073852,0.407972589,0.418486842,0.578299913,0.4377256,0,0.168945099,0.193255734,0.42480304,0.501578423,0.637768403,0.575203459,0.563166988,0.614593359,0.747306468,0.939272366,0.77309253,0.666317779,0.312367877,0.254282536,0.374896968,0.523715429,0.493744827,0.308082446,0.581340159,0.549877757,0.508789647,0.466700591,0.60732852,0.599475634,0.446689899
0.580414085,0.487254331,0.342181771,0.471611022,0.593613093,0.404968141,0.281584888,0.242845265,0.363047157,0.384138441,0.200272051,0.475480669,0.53672409,0.5418184,0.622222175,0.374942064,0.629687186,0.384373897,0.094768751,0.134752428,0.058146556,0.282171881,0.635019653,0.586785117,0.459905033,0.382727115,0.246360459,0.40071828,0.33480413,0.286834997,0.359867645,0.426043893,0.404475642,0.598469056,0.465058292,0.354370346,0.532571975,0.427446431,0.442190534,0.645206408,0.228270487,0.133883479,0,0.177325262,0.339552078,0.241403178,0.363519258,0.535618776,0.555244486,0.23799336
0.295107616,0.146562522,0.435265639,0.633485472,0.382282127,0.235547579,0.201491321,0.227639964,0.545592783,0.186443459,0.379757429,0.453496631,0.082396137,0,0.469485881,0.250683625,0.031842593,0.157511626,0.25621907,0.362531891,0.26873037,0.234849347,0.402050495,0.475805888,0.2277886,0.239315877,0.599867038,0.599807146,0.451894265,0.550444264,0.466912966,0.567946094,0.123101856,0.184132236,0.347570822,0.210972914,0.424558449,0.233330691,0.421223072,0.313574023,0.204885606,0.298607768,0.552867929,0.234986327,0.366869273,0.312450454,0.300394777,0.353554143,0.433451965,0.371452249
0.315007614,0.471186401,0.444938689,0.524467434,0.539073216,0.326063613,0.031874522,0.317220311,0.418125933,0.22567602,0.218022081,0.566604956,0.442490047,0.384107252,0.194407591,0.04479734,0.198714983,0.168182941,0.150358803,0.41103528,0.302796146,0.162239954,0.445494676,0.526667371,0.622956255,0.455551855,0.475817303,0.145642634,0.299558553,0.049262749,0.340399553,0.703311257,0.200074768,0.455266492,0.504048383,0.466160856,0.586864602,0.283326637,0.044486946,0.037886144,0.274840546,0.483626977,0.317743533,0.176482307,0.093175295,0.195778775,0.342274538,0.290083657,0,0.318107441
0.58213399,0.481513391,0.501967025,0.632894747,0.29944566,0.252247722,0.51603568,0.486314675,0.345126543,0,0.435418364,0.544806935,0.384803416,0.396263989,0.456955096,0.432447514,0.291725319,0.148831198,0.014605456,0.229948883,0.553188307,0.302472882,0.200071782,0.371766223,0.164991028,0.080985602,0.057835898,0.056194337,0.369804829,0.310601647,0.214633779,0.329396894,0.355994972,0.225314456,0.293420329,0.457359402,0.330269187,0.343918598,0.311590591,0.432464739,0.201254845,0.158801734,0.575870721,0.557757185,0.124288216,0.436931474,0.775625283,0.459496587,0.253754198,0.303580904
0.544671259,0.345543706,0.439377464,0.395549409,0.339511197,0.330998987,0.473391548,0.643664174,0.433200012,0.425039556,0.593335102,0.576616738,0.172838967,0.17925383,0.477813686,0.425953681,0,0.271179422,0.704403229,0.567901098,0.671676194,0.739688864,0.501028894,0.554561917,0.458656914,0.462044966,0.709418365,0.442059643,0.272370336,0.468099793,0.639690612,0.315080783,0.504245866,0.577362481,0.5250153,0.69876223,0.338290114,0.511704626,0.508961234,0.567122221,0.544647708,0.354714759,0.530431262,0.735376703,0.62749806,0.707424236,0.844420295,0.547799174,0.425949254,0.53298173
0.543331499,0.441525291,0.490584881,0.291721747,0.476115547,0.523957367,0.311926677,0.402649186,0.446514146,0.351550132,0.538589753,0.800881121,0.434834228,0.680122564,0.439001395,0.55768005,0.449932899,0.587676045,0.574067532,0.339398584,0.085149637,0.159726193,0.278111168,0.312708222,0.400254097,0.430953316,0.292797563,0.273866639,0.561102971,0.574111059,0.569677943,0.477642133,0.502305787,0.592038401,0.814155735,0.858245382,0.497422093,0.373749171,0.239779307,0,0.282118179,0.497187531,0.512584856,0.571891208,0.59402891,0.477203546,0.326605353,0.430844836,0.537998219,0.33753552
0.547701701,0.751681967,0.491747753,0.164372318,0.292245976,0.167881957,0.287804259,0.229675521,0.382361167,0.438614384,0.246767779,0.277524616,0.482312814,0.433199681,0.494607827,0.278105466,0.359460855,0.496821047,0.507827237,0.494960915,0.224014798,0.519559144,0.519372678,0.101034215,0.063745551,0.016980019,0.233229085,0.274835208,0.358768188,0.58057587,0.286466279,0.168708579,0.15772679,0.467802981,0.662242324,0.3258724,0.378577162,0.432090955,0.118975958,0.154372039,0,0.366365958,0.436713806,0.249012193,0.152323498,0.050324165,0.05843286,0.384462767,0.359952905,0.129184776
0.206367357,0.037756881,0.272237843,0.227455503,0.141908275,0.249031408,0.309672201,0.108567043,0.222958961,0.313370087,0.1740096,0.210261284,0.362354768,0.405101812,0.398959872,0.42780518,0.462100923,0.357371877,0.352485466,0.329852806,0.218730398,0.240118722,0.413119212,0.240248235,0.445751517,0.388264339,0.370131794,0.187585789,0.255167317,0.140092116,0.259629776,0.162609653,0.14172226,0.382888994,0.419920345,0.349099029,0.303028466,0.040225266,0.29601143,0.140036635,0.145879561,0.145402363,0.476341407,0.458233382,0.096225215,0,0.35925476,0.235013398,0.485924968,0.484454801
0.783010304,0.710055167,0.586456921,0.559674795,0.604919042,0.290534503,0.272283831,0.383946068,0.205682098,0.692799368,0.873540491,0.662107506,0.7826441,0.578085038,0.512423605,0.549279142,0.430467373,0.777366745,0.873208788,0.700559411,0.313460713,0,0.561012948,0.618234553,0.409361512,0.251027462,0.424110524,0.662554387,0.478930404,0.536118622,0.764064588,0.717595338,0.837753514,0.717701753,0.338880478,0.521708076,0.567120252,0.464589229,0.417730481,0.49716832,0.537182022,0.226690906,0.393645965,0.427673887,0.558813112,0.636812884,0.540729774,0.71422223,0.650607535,0.806178719
0.407756924,0.438748385,0.346528424,0.41523919,0.402849005,0.099214682,0.302272648,0.492284585,0.483238059,0.416202842,0.682898205,0.488929971,0.345469207,0.360688438,0.275268748,0.152864397,0.175810368,0,0.329407691,0.540408363,0.519977382,0.589958288,0.50569006,0.589757154,0.614821695,0.553606706,0.781117243,0.417066609,0.257474861,0.115984194,0.426105116,0.530240254,0.717271309,0.429021658,0.360927074,0.338021657,0.495090724,0.219265669,0.306208458,0.455907124,0.272086034,0.561615644,0.441452046,0.283299661,0.4918186,0.5318818,0.560828315,0.6035804,0.649279709,0.485858296
0.462377881,0.479068018,0.196111727,0.461993658,0.49130818,0.22858503,0.237678395,0.342288109,0.524354551,0.506123677,0.32751571,0.37885052,0.4383763,0.671224755,0.739761744,0.545801376,0.253251257,0.465309765,0.484726122,0.379103195,0.355778521,0.209056849,0.25700405,0.472013891,0.338845986,0.182601218,0.152172194,0.279480904,0.443583579,0.642429136,0.318131536,0.488621297,0.497208477,0.54720916,0.077407737,0.332018331,0.512204674,0.310814152,0.395606217,0.65737032,0.401484484,0.525675748,0.164490278,0,0.041219544,0.520017884,0.498381219,0.294427899,0.401791995,0.460199718
0.293705409,0.726561803,0.715432798,0.603457699,0.700036081,0.889083834,0.386616005,0.491559324,0.817953552,0.794735308,0.488674603,0.212855484,0.330291058,0.285448488,0.316475132,0.361769475,0.203506703,0.539365753,0.589601887,0.540669686,0.514040502,0.453932347,0.417993883,0.383184679,0.602665607,0.462985768,0.679836085,0.474229664,0.548421984,0.472235138,0.463520581,0.578758894,0.204755531,0,0.203803758,0.443910933,0.521505761,0.660648478,0.630629691,0.624788451,0.590816636,0.659143964,0.507449619,0.377061568,0.534245257,0.652814743,0.649042661,0.876855844,0.952691255,0.591858094
0.503321195,0.655631127,0.7488799,0.388058256,0.370521723,0.683424149,0.737958039,0.299174364,0.308744519,0.530918224,0.49322494,0.44000622,0.21306916,0.355737573,0.469311402,0.675360052,0.555397639,0.792008182,0.709030533,0.592696939,0,0.238785773,0.422695978,0.462510841,0.403657528,0.051874214,0.393203528,0.516170121,0.591252479,0.472918599,0.63644621,0.463606963,0.620841576,0.673211374,0.698603167,0.719008576,0.535256435,0.415676781,0.438542486,0.455634494,0.211461306,0.365121218,0.561472055,0.489333542,0.173966049,0.406858015,0.417295972,0.418801142,0.260017316,0.323983869
0.412200562,0.340794272,0.63481591,0.640051194,0.47162761,0.496792414,0.382886304,0.282974654,0.259735826,0.406005615,0.338195249,0.438277179,0.451815099,0.318207224,0.15735419,0.12548961,0.329279115,0.125509581,0.164147575,0.02735136,0.273405287,0.523120182,0.323453027,0.261111632,0.575297074,0.591728725,0.714307689,0.553363846,0.411831802,0.774080196,0.585185484,0.518658111,0.582688892,0.477699723,0.360301334,0.440213861,0.408619511,0.35878005,0.327973516,0.250707291,0.056388686,0,0.314018848,0.499485259,0.475385786,0.258429478,0.29625896,0.433918274,0.534268527,0.347247849
0.315222671,0.616900182,0.600216529,0.586447975,0.522473142,0.496349303,0.444611386,0.35531508,0.578627066,0.586762331,0.459760604,0.214681015,0.38661189,0.465110537,0.261483519,0.416941383,0.344170143,0.3445807,0.188897404,0.232724502,0.332662408,0.388326151,0.522267354,0.292580081,0.06396319,0.164063553,0.188676591,0.378707502,0.527783502,0.597028574,0.499199746,0.166999887,0.219671804,0.299840749,0.158223707,0.468398343,0.620412322,0.293030536,0.15399083,0.490959433,0.358356906,0,0.135804616,0.306130509,0.277043161,0.252506842,0.294689533,0.15960279,0.269382988,0.362826923
0.449975192,0.730977497,0.609014283,0.246298072,0.407914216,0.582711331,0.859677651,0.648978032,0.423440146,0.57627937,0.472247211,0.324594868,0.240101719,0.291200318,0.071219616,0.204401495,0.066481779,0.244365326,0.504077612,0.434330052,0.189334227,0.251191246,0.573441515,0.445979606,0.541014265,0.330169068,0.425555593,0.623679934,0.29619454,0.384500411,0.604632386,0.795308816,0.461760976,0.560081404,0.466727913,0.440863525,0.473580484,0.26731527,0.086017408,0,0.399547876,0.362060783,0.28240983,0.295608109,0.34919067,0.454529295,0.273304594,0.227348075,0.207743799,0.324252699
0.459032421,0.290450516,0.23566237,0.428406951,0.545814195,0.416373427,0.361697922,0.371739663,0.533775818,0.537776022,0.540152001,0.620485959,0.557860981,0.503394256,0.474795768,0.444442166,0.191586186,0.388722906,0.513121378,0.405695196,0.41311923,0.434184667,0.3661258,0.6018392,0.039225222,0.000269488,0.550851193,0.978435328,1,0.56705857,0.151796629,0.449430335,0.663037164,0.800428124,0.733195411,0.523837468,0.640287512,0.67463861,0.665664606,0.362814523,0,0.419682462,0.702732292,0.656156556,0.545752832,0.604378539,0.732399324,0.453717272,0.244119496,0.595122208
0.503462919,0.288973031,0.537684459,0.454808858,0.226552139,0.386102017,0.222915512,0.198780309,0.243528681,0.266664506,0.371186844,0.197736057,0.052317439,0.066954888,0.162087468,0.355368889,0.493744562,0.233702136,0,0.196939972,0.345942834,0.360114243,0.135840304,0.088138222,0.325492949,0.183358406,0.069791769,0.287902281,0.123717992,0.117320572,0.299969044,0.380323164,0.63033638,0.612613659,0.486645913,0.31498228,0.267433699,0.275798373,0.115438783,0.10701952,0.06167193,0.13793961,0.351786365,0.428885744,0.167839558,0.350056701,0.321764291,0.297037922,0.441643695,0.51823365
0.289883467,0.587649219,0.770778218,0.758156333,0.614782245,0.628218168,0.767496862,0.624843221,0.565838082,0.444092821,0.31900099,0.211512862,0.614920203,0.697011231,0.235569592,0,0.215125944,0.375739599,0.553756674,0.276718533,0.536883863,0.562182802,0.57705793,0.555044464,0.163877491,0.112626405,0.15960612,0.174386683,0.556494326,0.593749066,0.592638372,0.597682579,0.412804074,0.440361486,0.329194573,0.409763185,0.527549724,0.187567835,0.321886538,0.684580533,0.49663958,0.223284831,0.63281236,0.502710524,0.291649194,0.535378013,0.72111732,0.537892303,0.338391278,0.210098803
0.090513484,0,0.423574159,0.283294584,0.370690033,0.375003877,0.668436857,0.262123214,0.311312038,0.385273145,0.124699199,0.502343277,0.425778071,0.252996854,0.296513568,0.46444088,0.336542114,0.089646875,0.095810026,0.408792563,0.4109986,0.243643621,0.196886043,0.441685025,0.653316365,0.541494766,0.516113305,0.366792719,0.338187158,0.52403529,0.346839435,0.402012991,0.447825842,0.46664714,0.214812442,0.155573364,0.221177798,0.357224277,0.25226843,0.257086961,0.469776894,0.345461135,0.331689661,0.427455688,0.311564503,0.335381219,0.323622007,0.448754263,0.566963151,0.522676609
0.003247493,0.011210288,0.131939201,0.317272566,0.366993187,0.442182513,0.526485588,0.334298934,0.224236574,0.334809671,0.503559565,0.138576752,0.124524304,0.088936997,0,0.383305521,0.499629074,0.640755739,0.401826963,0.121140195,0.425382752,0.429703648,0.224682719,0.150633064,0.04378891,0.314795243,0.428197128,0.321662748,0.205667777,0.478444162,0.60029857,0.179339787,0.334012424,0.325385103,0.340382667,0.280862277,0.473775726,0.501519255,0.035546658,0.364543524,0.552668561,0.513780289,0.389192387,0.432339903,0.362001373,0.534999564,0.632787517,0.309922995,0.348330755,0.50337888
0.347488674,0.215632117,0.10650691,0.031730322,0.231547781,0.578489808,0.378760746,0.453963185,0.495085862,0.549792412,0.482035144,0.05366045,0.282527174,0.294172002,0.292175076,0.49500467,0.355396722,0.248524618,0.607831144,0.593839001,0.407143193,0.383901178,0.120792631,0.142744382,0.146367633,0.14573578,0.170197792,0.167835012,0.140466562,0.232953332,0.352562464,0.580474915,0.416076491,0.014160723,0.163685969,0.430191762,0.09443293,0.177549468,0.077847418,0.011202363,0.092538063,0.221697702,0.159481694,0,0.169016393,0.414637314,0.052958944,0.036658409,0.357996135,0.413904337
0.261754298,0.426417999,0.480322484,0.263916691,0.402871845,0.483773063,0.751112745,0.762069896,0.50854257,0.239621896,0.212623379,0.155966661,0.425330361,0.409300525,0.509614042,0.7134354,0.466491882,0.212206033,0.392228922,0.38131679,0.3223306,0,0.385702613,0.668176112,0.434459994,0.371153598,0.273201582,0.380956088,0.537840798,0.442635121,0.520349023,0.403642921,0.234017699,0.08657636,0.37553084,0.509458138,0.37358686,0.560415172,0.456679557,0.391902949,0.331969728,0.528494791,0.602834547,0.509616162,0.638783821,0.537206915,0.41213957,0.600398034,0.641715025,0.447945716
0.394962623,0.364442397,0.062013781,0.398324021,0.263821096,0.106481427,0.090910953,0.325313505,0.535171713,0.524102096,0.325330766,0.198787634,0.102208451,0.43346666,0.330342897,0.443536108,0.3726559,0.198756038,0.047327874,0.139562702,0.244640546,0.396651016,0.184653331,0,0.024039416,0.309997524,0.5225805,0.337245788,0.363542423,0.433198824,0.327693976,0.328916951,0.361640895,0.103645853,0.018945489,0.213389795,0.190707382,0.250425362,0.230064547,0.260561429,0.375755787,0.338835798,0.335806825,0.372538096,0.13557073,0.279000983,0.422233872,0.354451529,0.11438678,0.3965498
0.36660699,0.448215259,0.292870775,0.293151926,0.299024032,0.237411399,0.221206409,0.225595057,0.384105967,0.428578738,0.277953401,0.323583473,0.548174284,0.194432649,0.480349941,0.451587281,0.324157698,0.406995064,0.099071265,0.175192607,0.200197532,0.382528376,0.400827918,0.442729966,0.179896774,0.153613077,0.266223165,0.466628277,0.478652874,0.434743969,0.617769933,0.249451018,0.403960111,0.186662405,0.07595082,0.348768361,0.337059948,0.505228658,0.363403759,0.194602487,0.045989134,0.220379924,0.177732296,0.177613513,0.100457493,0,0.162303339,0.300074859,0.322138314,0.330980964
0.168062096,0.184711996,0.422027963,0.270522654,0.405531922,0.361779647,0.225949593,0.328695259,0.285374903,0.557304011,0.536351209,0.22569703,0.333294305,0.232792048,0.2687884,0.267355632,0.295772561,0.179466945,0.179559567,0.107007328,0.377474816,0.284426502,0.371650775,0.372531143,0.086343382,0.288971241,0.251192647,0,0.333698807,0.529991889,0.124130212,0.221136778,0.485221029,0.320543354,0.090392104,0.117559137,0.34284114,0.44845293,0.250851454,0.409933785,0.245418229,0.335364369,0.355990923,0.365091501,0.262302283,0.418709437,0.213082336,0.174597171,0.200817262,0.24669249
0.096465118,0.457086961,0.680483125,0.58091421,0.145937797,0.16859214,0.154372711,0.367221601,0.401408807,0.509326981,0.339381827,0.218295221,0.17631895,0.23490491,0.226245454,0.257617498,0.208049405,0.184428551,0.416150893,0.461397316,0.478486295,0.653275037,0.209902043,0.01133307,0.220313961,0.23932267,0.491951424,0.48500782,0.479340976,0.448434333,0.343419338,0.015724569,0.127410768,0.500754888,0.450400929,0.597539583,0.687250207,0.565166944,0.330626772,0.405965003,0.568518315,0.312744223,0.120322076,0.187333232,0.100468543,0.160705,0.496343403,0.304876756,0.176847487,0
0.141651411,0.301978351,0.204027404,0.343274072,0.352250691,0.399476502,0.504069953,0.57320155,0.603071236,0.467116555,0.321092341,0.480053641,0.748760157,0.799283644,0.422975565,0.579335424,0.463064796,0.432125091,0.405417781,0.309906664,0.438788763,0.455375015,0.188461823,0.211217881,0.224106753,0.423622335,0.418017421,0.462864917,0.533830599,0.456709208,0.397920028,0.528892522,0.543567052,0.306661288,0.163345116,0.463707977,0.516150964,0.527512034,0.361400029,0.457512039,0.568048183,0.319998035,0.511899107,0.689346844,0.298884682,0.111405011,0.366158233,0.415689918,0.423724961,0
0.449768204,0.718681028,0.470030521,0.414432216,0.505434268,0.638625989,0.387635601,0.422095111,0.607748026,0.581142219,0.471444918,0.61546317,0.533754888,0.357150132,0.353619585,0.41429892,0.266541065,0.435955407,0.560591677,0.445594603,0.539341985,0.470084526,0.297971981,0.422511991,0.329293847,0.442408758,0.78482242,0.485212411,0.259498849,0.282282941,0.292334248,0.458391201,0.561333204,0.394067794,0.226016933,0.542381966,0.176389431,0.124325321,0.309762145,0.420945839,0.313075106,0.233025015,0.244553445,0.420349668,0.363037187,0.44812608,0.403194765,0.465384941,0,0.252362335
0.754046256,0.4418841,0.287695472,0.532938911,0.40119276,0.431667726,0.367140854,0.18234486,0.242215882,0.137993896,0.1561307,0.467743283,0.439394776,0.595595461,0.432251535,0.183688471,0.110830457,0.339229088,0,0.267250659,0.261871437,0.33356218,0.22844995,0.031850706,0.426395687,0.284396382,0.273552746,0.149890647,0.396181407,0.299829744,0.511445813,0.584260302,0.327495822,0.274066318,0.210527244,0.29455676,0.319304081,0.143997176,0.201303844,0.350159395,0.427749585,0.494941689,0.251618846,0.171909728,0.38351907,0.463516555,0.364469684,0.246272425,0.427663317,0.616487665
0.640348572,0.427124604,0.240389751,0.406834941,0.56242882,0.397203314,0.205250315,0.120396272,0,0.127195047,0.451733997,0.38456252,0.450024739,0.377189444,0.30718363,0.059599975,0.29550518,0.582330274,0.328282301,0.345076792,0.29110944,0.145482968,0.374789338,0.389550237,0.315142438,0.420043873,0.303533081,0.660040816,0.619265243,0.422582623,0.430883739,0.640382442,0.558399834,0.148313561,0.190873127,0.309582226,0.261773646,0.140834319,0.310668576,0.362531128,0.22558404,0.637613405,0.487392971,0.296572974,0.310095227,0.509747905,0.450806174,0.310438972,0.356981723,0.661394164
0.463786591,0.714659912,0.529158069,0.301199725,0.264679524,0.63877631,0.643462999,0.568768506,0.617524986,0.593353998,0.736288822,0.706886783,0.351305486,0.287276937,0.361104986,0.198590354,0.482877679,0.782632429,0.594391821,0.429961231,0.65085912,0.556159961,0.207744789,0.433011724,0.54634192,0.614096138,0.454682253,0.543334778,0.57044583,0.269889287,0.372205982,0.757239162,0.542073636,0.667199091,0.712188412,0.347381758,0.467876417,0.553187135,0.517659083,0.424247083,0.485169463,0.357817597,0.365085847,0,0.212914278,0.189443925,0.411923385,0.812964561,0.58102328,0.582333164
0.681531922,0.454401857,0.171386156,0.420155108,0.299354428,0.2567705,0.268372641,0.398475468,0.364661899,0.494582559,0.342349494,0.30541357,0.207823709,0.562702854,0.30135762,0,0.171565273,0.369289358,0.495229482,0.404971411,0.375661611,0.409346509,0.365106726,0.536976142,0.359281599,0.383730295,0.562906197,0.606351961,0.498468391,0.547900166,0.77900629,0.494053869,0.338010083,0.440443466,0.360071911,0.464662104,0.216485919,0.325046494,0.36403626,0.373641821,0.223649524,0.415366545,0.668058848,0.508237089,0.460057336,0.65367483,0.636131045,0.343648632,0.595941057,0.590482223
0.324146413,0.461809669,0.487237252,0.185525004,0.203974241,0.258902659,0.476272565,0.108532967,0.216902916,0.562509751,0.711323672,0.386236779,0.397381863,0.190923484,0.484933317,0.516426201,0.438452662,0.197623332,0.233487691,0.103195018,0.302565375,0.237496881,0.06299928,0.129226427,0.371889438,0.386953579,0.139216258,0.265394715,0.312790368,0.2468914,0.327281266,0.599044671,0.351590649,0.281408983,0.308149957,0.462193985,0.386370779,0.484843908,0.444883441,0.401369004,0.44182117,0.394154823,0.53121229,0.212361666,0.315947775,0.155826967,0,0.215367769,0.470705488,0.453867323
0.289251177,0.344700964,0.335102301,0.275227087,0.374821675,0.231495153,0.21662713,0.130126587,0.142076199,0.270206836,0.348773238,0.383468231,0.610625746,0.546225403,0.449780755,0.288811752,0.259298605,0.346046192,0.234923569,0.145603326,0.217481772,0,0.145365555,0.154155671,0.323400961,0.521414468,0.183960091,0.24497993,0.237973525,0.330062759,0.312062102,0.21988892,0.214128141,0.635973845,0.301700361,0.182195342,0.302814143,0.411687653,0.370823087,0.335746657,0.307128373,0.418220925,0.36788724,0.472272238,0.25605884,0.207591315,0.041698897,0.463185794,0.795723147,0.594062496
0.265010112,0.130494273,0.50744665,0.453642387,0.173071262,0.023283585,0.354207159,0.276497998,0.28251817,0.399726269,0.521758776,0.61657709,0.407320061,0.141684263,0.504598377,0.376336856,0.195131088,0.076654632,0,0.0680186,0.205672205,0.280175563,0.024408414,0.180146807,0.363453326,0.261047554,0.302267346,0.431346764,0.448335703,0.26780105,0.548520729,0.626505042,0.44297726,0.299228361,0.28479112,0.047807139,0.146552036,0.103498224,0.244217477,0.163129775,0.242906878,0.28890101,0.308721495,0.157856055,0.066597849,0.170584156,0.065368947,0.081806866,0.317768695,0.203200278
0.677922598,0.585539806,0.539481918,0.630178404,0.633201187,0.70044852,0.891015717,0.610629358,0.769995037,0.50636883,0,0.177804607,0.39312694,0.314380433,0.331211887,0.307313961,0.324112546,0.445441103,0.398512185,0.453799401,0.572373749,0.498771069,0.808314533,0.639180968,0.295054407,0.201420933,0.199555842,0.279116787,0.574831855,0.76122703,0.593060237,0.417887718,0.643030731,0.729166988,0.585489761,0.332214064,0.404290771,0.298105501,0.138992334,0.306793444,0.564274873,0.354269483,0.336235119,0.203225729,0.364935561,0.569597791,0.187708545,0.27791955,0.326528731,0.504723825
0,0.151441859,0.631742678,0.441789861,0.416314059,0.438787337,0.288754268,0.356555179,0.253080224,0.368349439,0.323897254,0.172818746,0.181138266,0.613210437,0.533656995,0.428914006,0.319445037,0.452261456,0.475988852,0.311950867,0.430261368,0.440163625,0.383772553,0.28792928,0.216540054,0.058408399,0.230074096,0.235534282,0.375341398,0.193530547,0.332123602,0.457710104,0.482570877,0.365832581,0.349826775,0.461200589,0.358534027,0.290354364,0.160650298,0.343049093,0.409353617,0.455197313,0.278600739,0.296538678,0.427596055,0.540103257,0.214748635,0.438000227,0.58019876,0.247807913
0.091487706,0,0.287537636,0.350161477,0.239587489,0.221135039,0.325651748,0.20189209,0.138951902,0.267427449,0.473250869,0.281304879,0.085414617,0.407517341,0.438229922,0.316772957,0.132653729,0.267341014,0.599772239,0.465609154,0.138678126,0.31344876,0.213493885,0.179219656,0.376730388,0.092824946,0.46318806,0.672145252,0.48550715,0.384778895,0.430282943,0.414206742,0.440991024,0.274225636,0.25818298,0.423608347,0.356212337,0.307947482,0.281654753,0.172924037,0.14630542,0.253427559,0.212831735,0.109884576,0.174504038,0.551191325,0.556458046,0.411137303,0.45406501,0.101512162
0.506867279,0.588488749,0.638453094,0.696353724,0.220124031,0.371485491,0.18811579,0.140390333,0.40784366,0.268943138,0.387637032,0.17069157,0.355917555,0.401902375,0.287998198,0.225735376,0.264879419,0.353479951,0.582802377,0.312545102,0,0.132572804,0.288362365,0.294251551,0.263176154,0.264940474,0.415360132,0.663220497,0.295333677,0.141778237,0.160844077,0.512289881,0.295430965,0.215361749,0.350375733,0.262427654,0.305471646,0.225259248,0.084992642,0.035110771,0.186750703,0.207291095,0.563012169,0.640242863,0.35691759,0.266651462,0.469828346,0.453352708,0.406731336,0.547465393
0.372241892,0.655873869,0.390982165,0.472134937,0.322502749,0.418365852,0.464486933,0.442890923,0.066013297,0.101261326,0.311271073,0.481466908,0.21188107,0.212570719,0.404794734,0.386421431,0.260851153,0.195403133,0.251191688,0.374697447,0.442485459,0.529307655,0.441478278,0.444005765,0.425392025,0.022659485,0.152392512,0.163512328,0.140901331,0.059188686,0.304048474,0.442171046,0.269291882,0.358120579,0.266309511,0.200613556,0.118395655,0.267014163,0.509890988,0.25423242,0.273752938,0,0.220333439,0.424217894,0.52354347,0.312524316,0.405924869,0.423686051,0.28752068,0.039632827
0.29944781,0.344317017,0.255516121,0.400077925,0.324816402,0.240476793,0.320174519,0.390257997,0.272859586,0.325110792,0.333683925,0.305692432,0,0.004356021,0.429363776,0.451268621,0.342635246,0.121193496,0.177503066,0.195326484,0.228910688,0.044519868,0.057058859,0.313799158,0.517550515,0.464265024,0.511009969,0.342461133,0.272965917,0.36023947,0.617699051,0.687632027,0.409751708,0.224519611,0.307831821,0.31499125,0.396309816,0.240049332,0.361365002,0.287546448,0.315018927,0.484184393,0.313398349,0.03557518,0.337159479,0.60340867,0.319946056,0.341283186,0.437830436,0.574071863
0.363736234,0.241098636,0.368986609,0.194406374,0.129382385,0.20841826,0.425207079,0.513484128,0.364037293,0.177051428,0.164206751,0,0.435920346,0.553465736,0.139495332,0.490882255,0.339325279,0.083063885,0.308575512,0.55534394,0.460806771,0.382510389,0.395623836,0.288314111,0.361174133,0.33271916,0.225833675,0.377295558,0.448167144,0.199537069,0.292809658,0.434857673,0.514137994,0.424181577,0.248798426,0.358975265,0.196950237,0.217436557,0.156264868,0.400976567,0.349516463,0.257306192,0.474489501,0.54022991,0.531960694,0.384444215,0.291524003,0.095723238,0.17443819,0.475335232
0.417648493,0.527436319,0.260928904,0.426552984,0.271501455,0.216820398,0.329865673,0.492887216,0.462065062,0.394178912,0.17055421,0.356602298,0.323936808,0.179664016,0.181781398,0.439966154,0.47045981,0.359440826,0.374341014,0.732030138,0.532766985,0.472740623,0.178524811,0.283838703,0.470636713,0.237573325,0.339213786,0.473883119,0.182077296,0,0.104822724,0.445435822,0.284646676,0.410782814,0.345626978,0.529870536,0.310988123,0.154721774,0.261002487,0.339996119,0.268352474,0.075162792,0.316955754,0.472857277,0.462805264,0.441624014,0.431348865,0.580579907,0.442183024,0.29370728
0.578460552,0.455751426,0.343230036,0.255819388,0.30089612,0.315526806,0.274775434,0.581287636,0.416984104,0.26778121,0.41163436,0.331356067,0.152583165,0.286721749,0.368705101,0.397822798,0.291387745,0.017903731,0.066836369,0.155549467,0.346867538,0.392886862,0.299372277,0.349104636,0.315558645,0.338866652,0.388231777,0.184223533,0.361397492,0.462389167,0.505463646,0.376703681,0.407049005,0.404039088,0.177744328,0.098682997,0.131964123,0.358891879,0.284649391,0.321049238,0.322622308,0.383307077,0.360035531,0.340231024,0.408461623,0,0.142856294,0.4056776,0.182443902,0.421182397
0.197921512,0,0.188771823,0.394407542,0.253777842,0.101596568,0.208996671,0.090797425,0.103699774,0.279444582,0.142304227,0.123141998,0.125311665,0.138964813,0.16829898,0.260081487,0.174932718,0.097237503,0.073277633,0.094679178,0.177131811,0.442968243,0.330834771,0.500599776,0.272699232,0.196935793,0.080258318,0.164429017,0.38198982,0.322604692,0.421088326,0.341695305,0.235168392,0.168150687,0.217807086,0.306391534,0.371814841,0.22500179,0.107145004,0.241804204,0.193430539,0.095291722,0.22510898,0.236191914,0.238904907,0.207546775,0.095213826,0.273676448,0.268841011,0.278210553
0.353839703,0.388844019,0.127177021,0.168641161,0.477061895,0.298309164,0.179154477,0.311555417,0.360040373,0.297309453,0.244910391,0.241684776,0.177885978,0.215391236,0.168388385,0.08184624,0.283615255,0.215169745,0.068593406,0.213037201,0.218918467,0.148557788,0.059588352,0.041379007,0.211827313,0.43773435,0.304043818,0.212789521,0.291094806,0.241881958,0.243883081,0.377420103,0.049606724,0.285946348,0.481797502,0.300548126,0.017310868,0.289586778,0.212829172,0.050430083,0.106705583,0.261360533,0.321601199,0.264743972,0.349113372,0.311916117,0.446839084,0.220161732,0,0.163288668
0.547190389,0.332765293,0.428528578,0.410823801,0.399056629,0.34785879,0.449565813,0.30284526,0.220745658,0.286960069,0.383841856,0.319439452,0.135222582,0.072723708,0.363277531,0.450048235,0.196675202,0.149837422,0.295005645,0.346788205,0.213320977,0.203102714,0.234912639,0.131753399,0.220541754,0.199520227,0.218968687,0.274267604,0.36689216,0.22599526,0.328303886,0.419198663,0.444331987,0.281061835,0.126570819,0.256351645,0.181346548,0.288459783,0.15904531,0.010449706,0.050891014,0.157922662,0.209281286,0.181508734,0.137106118,0.291800502,0.251706512,0,0.150383153,0.393710511
0.252364405,0.358780115,0.254895182,0.281887164,0.284512628,0.420644703,0.345232945,0.331990951,0.363658155,0.213456584,0.31344612,0.275675856,0.456953055,0.468278397,0.271432142,0.155392107,0.155753182,0.285552925,0.276508041,0.180065652,0.160265588,0.154707346,0.263307659,0.336339792,0.344195935,0.300070191,0.406575158,0.418035545,0.389839874,0.299904079,0.546217276,0.491760298,0.124462921,0.225329296,0.346686937,0.488808449,0.62124728,0.702532824,0.367126425,0.297483985,0.521350622,0.461670232,0.158297699,0.314319239,0.426225378,0.543373892,0.376427165,0.246068185,0.072445016,0
0.347040266,0.297814116,0.466766669,0.410698405,0.209503354,0.098237406,0.178654267,0.454015374,0.314441638,0.282254576,0.112346683,0.154126848,0.307081181,0.505706567,0.287578643,0,0.108185511,0.005362461,0.277168993,0.356513309,0.545859935,0.244518622,0.101992376,0.107718664,0.470455338,0.239302307,0.246961168,0.313557508,0.309172877,0.28456472,0.473243541,0.552720402,0.37523689,0.397163063,0.305642012,0.288830583,0.363732412,0.110727401,0.299963794,0.244087694,0.089955456,0.231405357,0.295378208,0.243456494,0.099114121,0.205451882,0.352781866,0.590406183,0.389157731,0.315099613
0.429802309,0.141863219,0.070625098,0.403399192,0.407500454,0.22712884,0.246696636,0.212829418,0.058383988,0.291770754,0.222771694,0.101203575,0.216735719,0.238683412,0.088779289,0.149252729,0.353823571,0.248227336,0.124333486,0.362127167,0.317676954,0.110312543,0.04594403,0.044674403,0.090128445,0.209047694,0.372496676,0.315351671,0.309643985,0.173182104,0.178431456,0.4051205,0.261470683,0.398104881,0.296045791,0.011487403,0.166955793,0.35903645,0.290196361,0.251535491,0.135657385,0.224712887,0.35735174,0.401021708,0,0.044482514,0.340805891,0.352383673,0.228921932,0.456931263
0.252859936,0.312260766,0.321782159,0.422302966,0.172865464,0.263646173,0.383960691,0.291513329,0.218934717,0.43372653,0.474793464,0.536076299,0.470697919,0.448939838,0.242962909,0.302605443,0.426889808,0.273246486,0.280353326,0.184575537,0.42131876,0.302182608,0.088487768,0.261059992,0.407032296,0.498564667,0.309700325,0.52620422,0.610296755,0.461621596,0.052983894,0.226157448,0.559491021,0.44743327,0.23942883,0.346724306,0.311076168,0.296040342,0,0.210568165,0.284724996,0.288199503,0.313198053,0.386715463,0.204557142,0.207131555,0.217702605,0.166724847,0.293666378,0.361788373
0.207208924,0.173042047,0.22958523,0.163717057,0.153834079,0.120118539,0.236774136,0.199906004,0.110831796,0.141598843,0.135057084,0.134166064,0.493687353,0.462663861,0.125140367,0.156224908,0.181057399,0.034922171,0.0662263,0.050741273,0.137317007,0.285106531,0.097452663,0.082589335,0.081240207,0.069151105,0.235320518,0.286149253,0.250531528,0.460484318,0.385975802,0.161353993,0.278261573,0.2065323,0.12860073,0.186243238,0.015644374,0.072462195,0.184958059,0.188163808,0.265536507,0.160358265,0.07604448,0.186973398,0.198206295,0.207292791,0.062108654,0,0.106985337,0.134977467
0.251609879,0.084421805,0.071634559,0.217547755,0.192468214,0.048837299,0.115086934,0.232899313,0.107571974,0,0.125134883,0.232825998,0.294784842,0.35695695,0.259718288,0.286847667,0.283831827,0.105909755,0.043044704,0.207455486,0.061429215,0.211160512,0.529321073,0.321148228,0.287651388,0.317198495,0.307340962,0.340988018,0.322413653,0.11880773,0.333059693,0.550690335,0.362273219,0.198267127,0.14257931,0.412243922,0.32594375,0.2315007,0.390390718,0.498118417,0.501927755,0.354112065,0.443241393,0.419985732,0.120018163,0.07619356,0.043972956,0.052711379,0.19878184,0.349011716
0.308878185,0.395772839,0.187081745,0.238149046,0.192511412,0.198584103,0.171768176,0.07952847,0.414868953,0.280240866,0.224425238,0.035327669,0.126695242,0.330149235,0.367757681,0.26210143,0.541570619,0.351345226,0.156256054,0.223628061,0.388205505,0.395343313,0.219774734,0.109506297,0.176897832,0.313570929,0.273776052,0.197956411,0.501803574,0.4108479,0.336488356,0.220262387,0.183319188,0.247088769,0.328648767,0,0.167277295,0.283237906,0.349289032,0.213788709,0.245817083,0.083958318,0.06663855,0.348338875,0.107329977,0.224370252,0.250692461,0.121154202,0.08989556,0.112454789
0.47296414,0.421855595,0.382541236,0.388520095,0.300473006,0.245805037,0.35696172,0.317845112,0.389466956,0.447069336,0.32957894,0.251602625,0.313241654,0.322923724,0.265967238,0.492148092,0.533772896,0.595915407,0.472494066,0.393724293,0.382549502,0.320022613,0.333127465,0.475591122,0.482483675,0.373803849,0.435447164,0.643259915,0.311409456,0.00811414,0.173110782,0.447188827,0.517540728,0.372583883,0.30256963,0.216178857,0.113248251,0.339378983,0,0.077731249,0.183023287,0.34939049,0.407313486,0.394484888,0.257480838,0.186481753,0.363868683,0.387852223,0.357846382,0.345028836
0.440125677,0.497493244,0.434703411,0.408660106,0.375985131,0.158635445,0.367801392,0.562264801,0.334564097,0.366121059,0.286526328,0.244611034,0.295332232,0.285336826,0.309686488,0.390905844,0.268260006,0.290428822,0,0.149282236,0.339764584,0.425957507,0.381704498,0.493326025,0.351938275,0.36560989,0.247424727,0.047133709,0.238846529,0.062169235,0.272436876,0.515784112,0.48187171,0.288121508,0.567351408,0.241775949,0.163063532,0.174867825,0.130907041,0.184377613,0.233587581,0.357819673,0.376701445,0.326199834,0.283183644,0.49303957,0.364672639,0.129687207,0.20458909,0.284685896
0.29996315,0.356949135,0.622302267,0.561701464,0.26289507,0.230462677,0.431884247,0.242180459,0.180573472,0.13770335,0.291572838,0.256928482,0.244067901,0.2315557,0.261928244,0.217287323,0.245130824,0.338094751,0.269208112,0.408873085,0.35847914,0.274685454,0.332902162,0.404581163,0.663145018,0.334691624,0,0.18823733,0.199299629,0.541041468,0.449998368,0.402056511,0.316478469,0.291014003,0.456535884,0.479363652,0.381248184,0.334992851,0.234381063,0.263771409,0.253718189,0.249217088,0.518242717,0.404927134,0.571451477,0.577542787,0.381761072,0.060928238,0.176010933,0.392932537
0.165021578,0.330546517,0.30811165,0.40046684,0.28749163,0.470029711,0.27613246,0.113611009,0.041461365,0.215517955,0.052038029,0.009636313,0.038266227,0.291828786,0.275954345,0.101162119,0.039338926,0.231162557,0.574105525,0.546901975,0.306524799,0.132224228,0.197322679,0.352824935,0.137947318,0.161448235,0.211570594,0.211706488,0.207365871,0.203136484,0.087262285,0.15573258,0.311814875,0.144101774,0.173524024,0.228046023,0.125329903,0.202603531,0.214178015,0.358602714,0.304489086,0.154428193,0.106031323,0.226739085,0.248357103,0.322474488,0.214060849,0.150943167,0,0.218961974
0.252307132,0.306886032,0.392921797,0.260466982,0.315571786,0.452185226,0.338496975,0,0.093276664,0.244263603,0.462265027,0.497214781,0.153454597,0.32900729,0.481040213,0.472141043,0.345595612,0.279852973,0.423980636,0.230261384,0.211884743,0.344386693,0.268148282,0.110785249,0.133878472,0.259460233,0.60722396,0.443761921,0.413886951,0.356479206,0.234073872,0.433470279,0.50760889,0.297612424,0.18240416,0.456938364,0.478018409,0.394745474,0.482761991,0.374417194,0.134905094,0.187128734,0.326103673,0.07110506,0.308866708,0.648307954,0.687110384,0.299545192,0.312312549,0.235099779
0.365864253,0.302666266,0.198415933,0.01068022,0.154975333,0.500199733,0.483031006,0.254416738,0.26948107,0.296406169,0.372221433,0.177919667,0.309396731,0.223677455,0.155323196,0.267536354,0.248288404,0.176998336,0.290570401,0.449297718,0.103932145,0.079748607,0.409242876,0.388184229,0.069574395,0.099267227,0.334865904,0.433723505,0.354555727,0.374111908,0.576444732,0.31037566,0.195817285,0.336377881,0.417501945,0.29661751,0.273552504,0.146019064,0.089293671,0,0.172431974,0.363287446,0.322850183,0.369641476,0.184726512,0.126830655,0.206321407,0.118747253,0.18882439,0.409863559
0.430928737,0.578399007,0.328373041,0.051981339,0.064382509,0.238894864,0.182258887,0.281222933,0.295675162,0.215916909,0.166723114,0.373207731,0.205654686,0,0.177938995,0.083843648,0.278148741,0.537852922,0.305319862,0.314122929,0.329763462,0.148179188,0.051209706,0.374211034,0.36069349,0.224298483,0.272300084,0.337418169,0.57067145,0.485466447,0.326675422,0.34661431,0.380771891,0.433384179,0.292912627,0.403490894,0.369662607,0.195463805,0.308716131,0.431853963,0.427190518,0.24535057,0.075276514,0.147908649,0.330375222,0.345377764,0.295318065,0.245976883,0.180193889,0.22771707
0.273774226,0.103022008,0.192541608,0.394744799,0.380149268,0.33139604,0.258550887,0.0838064,0.192044362,0.417292558,0.377998801,0.44596406,0.224403636,0.15159629,0.129163075,0.191384201,0.393574245,0.531530492,0.412788638,0.302488002,0.582990162,0.564556782,0.515989427,0.452071873,0.291770626,0.353591831,0.320330076,0.214658072,0,0.223417031,0.267277441,0.095898308,0.387408645,0.59027971,0.456262516,0.43392164,0.383151595,0.34913812,0.070552462,0.220180439,0.226498755,0.15166223,0.203115439,0.051445487,0.033631153,0.224441822,0.573650275,0.380111456,0.286253507,0.302827759
0.459529864,0.29553693,0.158603068,0.231483891,0.194909507,0.038616852,0.170969884,0.216877111,0.248604802,0.248007209,0.38265903,0,0.111394821,0.324921642,0.360213874,0.395010623,0.383468913,0.28875535,0.318463976,0.302472555,0.423456243,0.315085894,0.068183496,0.053053993,0.167504421,0.177347109,0.306594341,0.285228485,0.376240462,0.439742748,0.36114284,0.347696405,0.396804959,0.270594315,0.282320919,0.452966444,0.565126195,0.398905578,0.368579608,0.3535444,0.342216457,0.250291658,0.190985739,0.437495616,0.396737661,0.442120051,0.329561381,0.120407072,0.260682522,0.435017001
0.533997719,0.455592882,0.29371167,0.289024837,0.368720191,0.278134657,0.597755926,0.438672967,0.296479116,0.153495049,0.232368931,0.125969873,0.115323752,0.315869182,0.400184545,0.273815855,0.309483567,0.330129608,0.282931614,0.202134015,0.132301574,0.276589579,0.276977939,0.376268411,0.359374877,0.402167136,0.344170712,0.246540325,0.265104969,0.150540274,0.299646375,0.431924636,0.618271885,0.534649915,0.172669716,0,0.170813179,0.148117299,0.34488835,0.524010311,0.371194176,0.214375972,0.412538625,0.555503804,0.407677079,0.180648105,0.282430557,0.404767492,0.347566888,0.234929368
0.345515828,0.415554314,0,0.176581101,0.337641468,0.329536113,0.374436482,0.408566765,0.35299269,0.256598511,0.23900132,0.378396687,0.390890619,0.446994213,0.158757338,0.285278114,0.234411874,0.237394142,0.170861594,0.185678572,0.251093339,0.206585496,0.250660438,0.440293548,0.360075817,0.351465273,0.287682584,0.229467536,0.253464888,0.454574007,0.317654874,0.343950286,0.361468895,0.218332122,0.405618121,0.352038497,0.339369569,0.403342693,0.262560832,0.334769384,0.35583823,0.493091023,0.302615001,0.348536999,0.215870047,0.498354335,0.560670563,0.407553325,0.475430984,0.344770546
0.291149001,0.347965173,0.304623294,0.156846643,0.406854711,0.177995249,0,0.093874295,0.03025215,0.123248508,0.345952247,0.255800936,0.288757769,0.36308138,0.271375917,0.224583504,0.233581187,0.449753284,0.085341392,0.13602538,0.491517066,0.306614998,0.202058341,0.30517583,0.649592582,0.302482078,0.258873591,0.089765231,0.392334177,0.409658465,0.191167321,0.287200065,0.478406411,0.383004603,0.334625266,0.439140493,0.42191632,0.325010827,0.319018054,0.176237339,0.369462495,0.349820199,0.159041695,0.150857885,0.198618662,0.251632985,0.241765817,0.328182513,0.154287847,0.280369362
0.046714567,0.173754081,0.089099319,0.111680026,0.223919934,0.279437573,0.149428021,0.111225493,0,0.234691698,0.413199409,0.347347434,0.208484232,0.374679319,0.316897497,0.281583448,0.334203991,0.234932797,0.166843468,0.141158429,0.313668785,0.381450214,0.290843098,0.212337221,0.164840914,0.282988686,0.286983027,0.377985586,0.366013355,0.224246507,0.239717333,0.185871814,0.355829328,0.334013206,0.199689098,0.290782531,0.170364615,0.004332304,0.160319435,0.28604245,0.208565411,0.35888562,0.547043427,0.278342981,0.30305881,0.280513506,0.386484027,0.33811852,0.241383387,0.027152411
0.260477925,0.274491337,0.214527123,0.284506035,0.36435114,0.181532037,0.299750526,0.238582092,0.214267298,0.409629912,0.513175558,0.474006224,0.324654574,0.462929836,0.199681899,0.316628071,0.482609882,0.24672948,0.348469593,0.229632585,0.278550759,0.368247333,0.313775894,0.375445025,0.209014956,0.150628963,0.385463478,0.326969001,0.383218012,0.226498984,0.168843289,0.27036008,0.25691182,0.224057786,0.461067398,0.41683709,0.32770817,0.285591493,0.345573946,0.413351689,0.319691789,0.243008222,0,0.060553186,0.085505993,0.032621563,0.230571692,0.15915766,0.062516653,0.171657824
0.152752617,0.295180783,0.284234233,0.25474891,0.289732729,0.217574892,0.143018761,0.340316352,0.342520127,0.32953751,0.448403263,0.422075376,0.272630868,0.381929198,0.395199336,0.252296048,0.047961417,0.103694108,0,0.113559617,0.220468405,0.232604356,0.17407055,0.16157073,0.244876757,0.304825992,0.199921789,0.153939859,0.272095657,0.453547382,0.514226724,0.184129266,0.331142098,0.389433675,0.465050054,0.345910655,0.289780809,0.164852697,0.132750802,0.251217708,0.32437928,0.429232664,0.511508922,0.242929353,0.176897174,0.192186212,0.289642874,0.207735942,0.243309375,0.288413601
0.296361674,0.371244348,0.362809899,0.092881232,0.305376048,0.390394073,0.127606814,0.313221428,0.34428706,0.388285529,0.389058563,0.307534203,0.16810964,0.125094541,0.357524733,0.433877296,0.384395121,0.233504495,0.463686905,0.342977803,0.121891601,0.106139197,0.306020987,0.332531373,0.05279594,0.111633107,0,0.200539314,0.318048938,0.406362519,0.339635984,0.450849881,0.477401908,0.430623511,0.258282718,0.335062676,0.231318268,0.251818525,0.128542052,0.337624896,0.521205339,0.518151983,0.346187261,0.399359899,0.289682403,0.301282261,0.329106808,0.336746993,0.520304845,0.430049791
0.537640223,0.336263937,0.432306108,0.350250199,0.133368468,0.000807618,0.068499048,0.291461911,0.369712758,0.426675527,0.492439952,0.585883419,0.506977613,0.116612782,0.400606809,0.319469438,0.194700649,0.237454135,0.130136438,0,0.377933396,0.646639477,0.52616397,0.375982186,0.445581595,0.390553762,0.491769922,0.293382262,0.346035411,0.030339314,0.282887867,0.452661256,0.504400206,0.433293411,0.352472187,0.255424259,0.194175899,0.290145182,0.220591206,0.189981827,0.170078058,0.493805711,0.453170234,0.275931894,0.291513789,0.196585951,0.137534044,0.331108503,0.34330133,0.451832384
0.307589114,0.275806154,0.179404166,0.011704534,0.15337547,0.216360497,0.242966114,0.063215714,0.034004772,0.301925868,0.590075401,0.558307913,0.260950083,0.134508341,0.229290696,0.270272776,0.247006958,0.16169369,0.12903882,0,0.090249576,0.071491999,0.255923258,0.099511416,0.155564151,0.233510701,0.157565636,0.059060383,0.080244666,0.139908198,0.252031622,0.278438478,0.107194369,0.178144641,0.349480243,0.284006955,0.235021656,0.203046285,0.252040614,0.234005032,0.201604548,0.103685555,0.062853515,0.182352338,0.266445621,0.15686721,0.209977571,0.212416453,0.209871296,0.379360508
0.216043903,0.201565546,0.20951483,0.14525702,0.174742002,0.286034523,0.290064078,0.139161756,0.364520602,0.306709797,0.020522199,0.058159246,0,0.122356095,0.295261306,0.022624084,0.191033948,0.24362112,0.098046918,0.20169121,0.047617216,0.082382436,0.114684282,0.044303701,0.084832186,0.214586455,0.226583921,0.327815908,0.31646084,0.285389689,0.154153109,0.101684788,0.013553765,0.225686397,0.27587956,0.305164788,0.34016506,0.125117539,0.119544326,0.233493048,0.183177245,0.424521273,0.265058418,0.290096196,0.224299163,0.159534223,0.174005423,0.355915429,0.317029852,0.214399163
0.195857729,0.275311441,0.127363263,0.24225467,0.411573993,0.236318004,0.190029583,0.354634133,0.173937069,0.298985814,0.198476962,0.091489463,0.249012372,0.185448953,0.094953008,0,0.259069342,0.311027224,0.088120989,0.192100749,0.242336506,0.422570677,0.190168681,0.138155863,0.21977593,0.1099575,0.158003972,0.106439177,0.293972247,0.291444854,0.203677985,0.066935937,0.145467431,0.224425837,0.198102756,0.382479632,0.655864998,0.343955365,0.290749166,0.178239236,0.270272379,0.346895536,0.453865589,0.231759722,0.054848336,0.115629812,0.134874567,0.11291811,0.080668909,0.063570298
0.435827683,0.381775754,0.211055745,0.191222886,0.285085559,0.379601636,0.444151531,0.446276416,0.427722194,0.396757328,0.651058553,0.493414672,0.474501036,0.588779037,0.489642964,0.496948984,0.583050859,0.519170882,0.605445882,0.521239467,0.442533262,0.485792664,0.322289007,0.262015201,0.322872141,0.169817082,0.169087223,0.342558393,0.540696063,0.511777766,0.452878882,0.642739293,0.531540652,0.539857944,0.488841292,0.576372636,0.30208246,0.216211462,0.319665081,0.355289062,0.42735416,0.48904826,0.471743012,0.410632413,0.177570864,0.094326679,0.323977204,0,0.04621789,0.421892168
0.068622436,0.165616029,0.087005297,0.11413812,0.05832,0.124343216,0.117386326,0.008997705,0.058348345,0.123031307,0.168759941,0.259201703,0.264560972,0.185292612,0,0.112378453,0.135113934,0.159120839,0.162331844,0.125913418,0.27698266,0.358088994,0.388199797,0.166164447,0.204919158,0.211795625,0.11254184,0.055979389,0.07265254,0.189870529,0.294879014,0.136196057,0.194650883,0.044227888,0.045384473,0.208380552,0.213675361,0.116978779,0.184313595,0.139499823,0.128591799,0.227659853,0.189663958,0.196648582,0.14872758,0.170680009,0.125878237,0.098659815,0.16813993,0.023082671
0.264467371,0.046379378,0.22217883,0.141761913,0.19998083,0.274580235,0.316840718,0.095650575,0.156472811,0,0.115142952,0.004839813,0.27010318,0.098183841,0.008395665,0.03156018,0.234946803,0.31578748,0.190322995,0.082427597,0.10904334,0.092021505,0.143255557,0.130334589,0.190899915,0.231855536,0.279822305,0.255424031,0.17238636,0.117045002,0.19242147,0.384392427,0.308616636,0.195447809,0.185101885,0.133209081,0.126451105,0.086973985,0.174379011,0.154643025,0.124587907,0.116618559,0.014911187,0.08252379,0.245927635,0.117616887,0.074537478,0.047709064,0.021375485,0.096730268
0.267182469,0.322456456,0.279707408,0.383179666,0.280834484,0.204080347,0.082616481,0.063548802,0.186913008,0.346922575,0.252899419,0.273180215,0.365157313,0.367721539,0.261803334,0.255223064,0.126754086,0.004308503,0.198117413,0.19578245,0.080317465,0.117227965,0.198365558,0.240883436,0.393258257,0.364071485,0.1255997,0.101480622,0.083500035,0.36747908,0.67553548,0.352975239,0.125240354,0.20008345,0.322465242,0.200403515,0.280755475,0.220212732,0.150579464,0.262662545,0.323277558,0.216586825,0.173254604,0.123187745,0.214677317,0.235943769,0.228729767,0,0.02308264,0.234132837
0.041931806,0.107523953,0.28299486,0.331540907,0.241597529,0.09922999,0.224878835,0.132022775,0.247275467,0.373125476,0.32986608,0.233077236,0.247821007,0.299715454,0.233399207,0.344631706,0.249851846,0,0.051514363,0.394916032,0.412394981,0.19027179,0.092254379,0.204538095,0.260044682,0.289597684,0.329712496,0.31032174,0.315045925,0.464032365,0.30349816,0.215862702,0.170127703,0.192476237,0.323554626,0.368930901,0.363864609,0.23813578,0.232494946,0.279892795,0.256759616,0.270586893,0.391646745,0.274351141,0.207026508,0.206042798,0.307831809,0.03985671,0.110042933,0.153385361
0.227493923,0.273274019,0.301701583,0.263905176,0.276168508,0.292530518,0.099424441,0.088636745,0.135051358,0.225403646,0.233594537,0.209032763,0.285948725,0.344410214,0.31042742,0.294413049,0.118818167,0.213256837,0.205946713,0.22712634,0.121750045,0,0.281245101,0.292095863,0.110268442,0.311569188,0.418139315,0.242341935,0.224855401,0.303502867,0.268276772,0.305522278,0.31899778,0.148456854,0.138412703,0.217272719,0.250323677,0.21992848,0.205016171,0.219919852,0.146619821,0.030340663,0.206956599,0.194851557,0.185765384,0.046948971,0.335097526,0.279962785,0.130518162,0.229451206
0.044686667,0.25172106,0.278285949,0.206584741,0.287113028,0.342785891,0.338889846,0.29338894,0.259918745,0.22144209,0.325428676,0.23515221,0.270821135,0.194768278,0.018925982,0,0.187842092,0.200695691,0.115918329,0.181187608,0.300797906,0.292864839,0.234147234,0.151702669,0.079429361,0.121873714,0.228229717,0.208771161,0.228475219,0.227687885,0.302698468,0.275768895,0.160384472,0.122144272,0.066066731,0.15367191,0.29451499,0.167628127,0.284020953,0.185751492,0.010715871,0.168770554,0.162842764,0.149989354,0.215843542,0.040948809,0.190065887,0.241829178,0.212078678,0.111842355
0.336092428,0.346872841,0.130367382,0.217821813,0.087078548,0.151900733,0.378339745,0.29175537,0.213124324,0.210059648,0.14214124,0.06615747,0.036594365,0,0.070567837,0.142850695,0.188766689,0.259168495,0.19318912,0.186919716,0.300597303,0.352291963,0.281282933,0.342679407,0.479165268,0.344250657,0.338668636,0.28135535,0.195605992,0.160373443,0.095057873,0.235973587,0.264718479,0.352289244,0.341269149,0.117861326,0.162694648,0.285134346,0.363586224,0.423447025,0.364391915,0.399696268,0.497154828,0.324334738,0.031662811,0.085518494,0.215398765,0.234346775,0.320512545,0.279635884
0,0.145862374,0.25269973,0.268580743,0.223540513,0.223375874,0.281214275,0.217087783,0.083079118,0.154241549,0.117865914,0.217011495,0.358413473,0.19069213,0.130862064,0.21590546,0.147293093,0.267891696,0.20930122,0.166404722,0.258918761,0.435271558,0.290243773,0.288953316,0.499456119,0.370579723,0.203623776,0.244878709,0.153130683,0.221176887,0.152716994,0.235540455,0.250047994,0.22733289,0.252999389,0.134715895,0.22778935,0.104186532,0.115885226,0.106131089,0.126299392,0.261052752,0.250126714,0.210620557,0.242424135,0.167794507,0.0564328,0.160314998,0.121803881,0.140512255
0.26634888,0.219478684,0,0.100490586,0.297489883,0.383025918,0.354975445,0.297776273,0.15141785,0.134186602,0.184771776,0.289426613,0.093057942,0.088906357,0.115367867,0.165023113,0.204924063,0.215639927,0.110119386,0.27713301,0.294307836,0.29894716,0.159762905,0.156688588,0.233952378,0.27799322,0.138956391,0.186753236,0.247597266,0.29760663,0.222794883,0.203370238,0.130746102,0.264113835,0.231222603,0.231735737,0.17997583,0.110835386,0.07630109,0.229678573,0.421305635,0.337152784,0.230395525,0.275041907,0.174240312,0.210789793,0.280710548,0.286313523,0.199938819,0.128416077
0.055428803,0.08217677,0.100885629,0.169961015,0.198181972,0.198336089,0.329885964,0.100373432,0.317969773,0.154232705,0.138865787,0.06160927,0,0.031865481,0.158385286,0.188378371,0.058237799,0.142780532,0.035471783,0.126915256,0.208710834,0.207993381,0.18681093,0.175194107,0.133673652,0.153846478,0.248663352,0.017603554,0.187716459,0.400921361,0.25558568,0.196530115,0.082417867,0.302976831,0.306759626,0.207253246,0.263835963,0.253220448,0.196423504,0.122200947,0.294175034,0.305455665,0.194506474,0.232712024,0.208322907,0.152102662,0.109312976,0.084806122,0.050408549,0.055772348
0.049428752,0.034835942,0.133000469,0.259588735,0.243706188,0.292375924,0.130650842,0.056928743,0.150569753,0.182983666,0.220968491,0.222188999,0.058575355,0,0.096400354,0.125636799,0.069958668,0.12706895,0.033720136,0.103306778,0.076367794,0.172210479,0.22519751,0.141009012,0.154651687,0.197357092,0.191590175,0.177669716,0.240389866,0.123991756,0.056616414,0.193717899,0.155053092,0.172676529,0.264589234,0.336775222,0.236750596,0.172493641,0.071373337,0.068914794,0.120552864,0.189960042,0.165786186,0.138928455,0.306936497,0.423934319,0.250188597,0.248176917,0.306093136,0.218862798
0.067956476,0.167402367,0.197509902,0.123818199,0.133601244,0.235183034,0.164962292,0.120460516,0.167339165,0.13837715,0.204801518,0.065615519,0.16425427,0.235424994,0.208414156,0.138807486,0.218601695,0.185022621,0.091708112,0.185788724,0.146700367,0.112148702,0.188602279,0.100197202,0.131883273,0.056921732,0.106684369,0.167848899,0.178858391,0.188504325,0.205845581,0.18769428,0.146770908,1.52714E-05,0.131224743,0.179971937,0.191127571,0.143317485,0.07902208,0.179092903,0.09920127,0.126656086,0.093026306,0.223805422,0.205324055,0.168594799,0.178111508,0.25385323,0.07934533,0
0.136831391,0.176546507,0.154837839,0.081845913,0,0.127588593,0.169302184,0.232084613,0.397656616,0.274609086,0.140033043,0.270299312,0.269098086,0.130840121,0.138250193,0.239860281,0.208991497,0.125865132,0.135854893,0.170670971,0.293282388,0.248030265,0.178755282,0.154692624,0.172719658,0.188256239,0.32942288,0.276579591,0.178879751,0.142191609,0.157338553,0.298094137,0.249708856,0.146424065,0.178260444,0.244043211,0.275469296,0.145537623,0.355694972,0.302240239,0.175245469,0.106676212,0.107427732,0.136620088,0.185931616,0.098017722,0.176801093,0.142991748,0.232411314,0.252163016
0.24134258,0.205379573,0.248717189,0.319536437,0.241313128,0.132651005,0.20024543,0.157430945,0.263280866,0.116088822,0.169419605,0.198518952,0.285278848,0.20747139,0.23284061,0.201064333,0.145952623,0.17000851,0.163241666,0.193202389,0.085867824,0,0.113993089,0.165312458,0.263444591,0.047347038,0.151592424,0.266643397,0.152878164,0.117994066,0.221430193,0.186482036,0.243122914,0.167206764,0.173917925,0.389560318,0.32557067,0.287739914,0.172190368,0.086195855,0.252931311,0.338021287,0.221453204,0.254866838,0.154637328,0.183990057,0.135380223,0.125509506,0.192703765,0.271690789
0.165665722,0.37199771,0.334529782,0.226642185,0.089478604,0.168198054,0.075267866,0.051210534,0.122486797,0.182518426,0.106629514,0,0.132071592,0.062477712,0.12858978,0.223870326,0.1739512,0.056540622,0.070037392,0.100969271,0.163110446,0.298013285,0.237605699,0.271266232,0.253482198,0.180879555,0.068056896,0.1502677,0.154456166,0.180258893,0.181942176,0.192942898,0.285672876,0.290374103,0.228997266,0.076444203,0.107104599,0.168205482,0.20371622,0.164238808,0.09925174,0.181132938,0.201892633,0.1933915,0.20584195,0.144562803,0.213577201,0.180932802,0.153516967,0.129805404
0.061659059,0.129393437,0.147136034,0.126239464,0.169457447,0.112499285,0.130705544,0.123708158,0.115736074,0.042471366,0.119400883,0.14073353,0.182219861,0.168397986,0.085373484,0.073138801,0.183430822,0.129950553,0.082317971,0.164288098,0.12060749,0.09961581,0.269642308,0.112736151,0.159138842,0.11827878,0.134440571,0.134204724,0.140530341,0.085084783,0.126820096,0.057913466,0.138809001,0.109354793,0.112678748,0.109550212,0.065142572,0.083031809,0.169015942,0.0856563,0,0.142951692,0.205652321,0.106308033,0.123267436,0.157891201,0.141512693,0.1378279,0.012292115,0.099923369
0.090905285,0.134985151,0.175631079,0.17475735,0.185020341,0.176678088,0.153600154,0.093739518,0.080722109,0.107049448,0.127354206,0.093630993,0.123230827,0.107998937,0.117827717,0.136315397,0.085860625,0.063496776,0.080645747,0.048150991,0.120790435,0.041718776,0.014157821,0.028292298,0,0.166784151,0.270661077,0.326500224,0.164878187,0.021534866,0.050161069,0.169444292,0.172128354,0.057795236,0.193758887,0.155244615,0.119369429,0.069588857,0.104993568,0.074706925,0.084333313,0.042776305,0.155994654,0.175725537,0.115698224,0.142196024,0.123906797,0.093120252,0.030794505,0.055888791
0,0.087474932,0.159732495,0.100602439,0.083244591,0.082768627,0.140877472,0.148610993,0.083801598,0.140564421,0.17767875,0.055115615,0.103907331,0.138575674,0.165868815,0.126109519,0.101230379,0.090119097,0.113628035,0.07883632,0.117169982,0.146617751,0.134420431,0.09757735,0.050387203,0.006765114,0.068147162,0.092962293,0.121135589,0.164639618,0.154831483,0.11260158,0.138416668,0.19652615,0.114708441,0.066600487,0.098465749,0.115076728,0.047754596,0.066062984,0.012531816,0.08013546,0.057009529,0.130833656,0.121129107,0.063746684,0.084609829,0.127534834,0.130765104,0.079480647
0.100834978,0.097484935,0.106781724,0.073587392,0.052963186,0.076311313,0.085903693,0.134739077,0.111583688,0.006347666,0.05839835,0.095328255,0.193632068,0.130301962,0.115615989,0.15862993,0.08399918,0.03994573,0.086222099,0.139549008,0.107543726,0.100620048,0.061627916,0.08422243,0.062518162,0.023347306,0.073702983,0.063344343,0.081752325,0.078663766,0.050238436,0.091901679,0.041149067,0.090757684,0.114671859,0.077885555,0.111120543,0.089328188,0.03609459,0.010922166,0.005352557,0.031752952,0.074277234,0,0.083217553,0.101232621,0.091253786,0.142173967,0.078150867,0.04145863
0.011092252,0.048350032,0.143069706,0.086705237,0.063612016,0.103124576,0.080531026,0.030873771,0.037449203,0.085703756,0.041303446,0.048823181,0.093143616,0.113373923,0.122707834,0.055565743,0,0.042939939,0.089814354,0.104345133,0.112472203,0.08511435,0.066725582,0.087190659,0.115061184,0.076341799,0.059528984,0.176359485,0.150348512,0.044863113,0.093364627,0.112048758,0.133361962,0.095010398,0.054210819,0.095282125,0.114385683,0.092594305,0.072238035,0.064783453,0.101763501,0.130552798,0.134890417,0.08756568,0.047559301,0.074611342,0.121533544,0.08882807,0.043801918,0.036540304
0.027514225,0.034021063,0.006594081,0.006539177,0.068208543,0.053813659,0.043156352,0.060890182,0.047221936,0.027691157,0.050963039,0.029154004,0.054584074,0.045772673,0.068134902,0.039345473,0.034182977,0.051026246,0.045190973,0.035969427,0.055384107,0.057244055,0.041920461,0.052371758,0.059178884,0.039532994,0.028924902,0.014984443,0.029944576,0.043714131,0.056959362,0.046395643,0.006869395,0.004139706,0.030665566,0.006919838,0.016661905,0.018508642,0,0.021199959,0.050826546,0.030760511,0.009521422,0.017955097,0.018885852,0.029254305,0.048877406,0.054052874,0.070416529,0.042855271
0.048113934,0.036239308,0.055007166,0.050382798,0.035087109,0.045013218,0.032906501,0.027544084,0.029697588,0.062897552,0.060308213,0.042020936,0.031294018,0.032271603,0.040297865,0.048973285,0.059393154,0.026930799,0.031185217,0.033470391,0.044846499,0.052306205,0.051006127,0.034631713,0.001591376,0.003863918,0.03510656,0.036163482,0.033289826,0.048737113,0.030611983,0.030842809,0.038344208,0.063116159,0.046506581,0.051000318,0.053369507,0.040686661,0.053833633,0.049630733,0.051778612,0.022229594,0.010199424,0.006112512,0.013233942,0.017500933,0.004883793,0,0.03069229,0.056382819
0.02439601,0.036326047,0.032718413,0.031092191,0.044468472,0.04345635,0.031622222,0.036761489,0.03215183,0.020528955,0.031148458,0.026669811,0.012386553,0.014048049,0.033093193,0.010027869,0.027346411,0.031817851,0.040559969,0.036791577,0.030826657,0.022255169,0.046505105,0.03916841,0.034798727,0.020040176,0.036933707,0.035131205,0.022190078,0.040457625,0.032305054,0.040041116,0.037397223,0.034397018,0.033094574,0.023207011,0.030182695,0.018027909,0.022952982,0.021642246,0.020933787,0.02320978,0,0.011128396,0.005508035,0.013945873,0.024263406,0.029465344,0.041172316,0.014313533