ra,dec,lii,bii,day,month,year,mjd,mit_time,jpl_time,t_acc,nu,nu_error,nu_dot,nu_dot_error,period,period_dot,dm,dm_flag,dm_dot,delay,note_number
83.63322,22.01446,184.55755,-5.78427,15,FEB,1982,45015,0.028682,0.021592,100,30.05922411,3E-10,-3.81009E-10,9.2E-16, 0.0332676584,4.21677E-13,56.834,,, 100,
83.63322,22.01446,184.55755,-5.78427,15,MAR,1982,45043,0.025779,0.018609,100,30.05830244,2E-10,-3.8096E-10,5.5E-16, 0.0332686785,4.21648E-13,56.837,,, 100,
83.63322,22.01446,184.55755,-5.78427,15,APR,1982,45074,0.033204,0.026111, 50,30.05728208,9E-10,-3.80937E-10,1.57E-15, 0.0332698079,4.21652E-13,56.83,,, 100,
83.63322,22.01446,184.55755,-5.78427,15,MAY,1982,45104,0.014496,0.007626, 50,30.05629475,5E-10,-3.80909E-10,9.6E-16, 0.0332709008,4.21648E-13,56.818,,, 100,
83.63322,22.01446,184.55755,-5.78427,15,JUN,1982,45135,0.027443,0.020887,600,30.05527458,1.9E-09,-3.80835E-10,5.26E-15, 0.0332720301,4.21594E-13,56.836,,, 100,
83.63322,22.01446,184.55755,-5.78427,15,JUL,1982,45165,0.015563,0.009312, 60,30.05428744,2E-10,-3.8082E-10,5.7E-16, 0.0332731229,4.21606E-13,56.823,,, 100,
83.63322,22.01446,184.55755,-5.78427,15,AUG,1982,45196,0.030831,0.024812, 50,30.05326748,4E-10,-3.808E-10,1.26E-15, 0.0332742521,4.21613E-13,56.82,,, 100,
83.63322,22.01446,184.55755,-5.78427,15,SEP,1982,45227,0.005138,0.032439,200,30.05224758,2E-10,-3.80789E-10,8.9E-16, 0.0332753814,4.21629E-13,56.822,,, 100,
83.63322,22.01446,184.55755,-5.78427,15,OCT,1982,45257,0.013639,0.007598,200,30.0512607,1E-10,-3.80755E-10,2.9E-16, 0.0332764742,4.21619E-13,56.821,,, 100,
83.63322,22.01446,184.55755,-5.78427,15,NOV,1982,45288,0.014998,0.00868, 50,30.05024094,5E-10,-3.80712E-10,5.9E-16, 0.0332776034,4.216E-13,56.825,,, 100,
83.63322,22.01446,184.55755,-5.78427,15,DEC,1982,45318,0.026893,0.020227, 20,30.04925417,4E-10,-3.80683E-10,6.6E-16, 0.0332786962,4.21596E-13,56.8,,, 100,
83.63322,22.01446,184.55755,-5.78427,15,JAN,1983,45349,0.029096,0.022071, 50,30.04823459,2E-10,-3.80657E-10,6.5E-16, 0.0332798254,4.21596E-13,56.813,,, 100,
83.63322,22.01446,184.55755,-5.78427,15,FEB,1983,45380,0.023077,0.015796,100,30.04721509,4E-10,-3.8061E-10,1.65E-15, 0.0332809546,4.21572E-13,56.807,,, 100,
83.63322,22.01446,184.55755,-5.78427,15,MAR,1983,45408,0.023342,0.015975, 60,30.04629435,5E-10,-3.80578E-10,7.3E-16, 0.0332819744,4.21562E-13,56.814,,, 100,
83.63322,22.01446,184.55755,-5.78427,15,APR,1983,45439,0.033161,0.025873, 50,30.04527503,4E-10,-3.80552E-10,1.37E-15, 0.0332831035,4.21562E-13,56.818,,, 100,
83.63322,22.01446,184.55755,-5.78427,15,MAY,1983,45469,0.015156,0.008093, 60,30.04428866,2E-10,-3.80522E-10,6.5E-16, 0.0332841963,4.21557E-13,56.812,,, 100,
83.63322,22.01446,184.55755,-5.78427,15,JUN,1983,45500,0.018478,0.011735,100,30.04326952,2E-10,-3.80485E-10,4.5E-16, 0.0332853253,4.21544E-13,56.817,,, 100,
83.63322,22.01446,184.55755,-5.78427,15,JUL,1983,45530,0.001393,0.028248, 50,30.04228335,1E-10,-3.8046E-10,3.2E-16, 0.0332864180,4.21544E-13,56.823,,, 100,
83.63322,22.01446,184.55755,-5.78427,15,AUG,1983,45561,0.013893,0.025698, 50,30.04126436,1E-10,-3.80429E-10,3.9E-16, 0.0332875470,4.21539E-13,56.823,Y,, 100,
83.63322,22.01446,184.55755,-5.78427,15,SEP,1983,45592,0.000738,0.027913, 50,30.04024546,2E-10,-3.80398E-10,4E-16, 0.0332886761,4.21532E-13,56.812,,, 100,
83.63322,22.01446,184.55755,-5.78427,15,OCT,1983,45622,0.019433,0.013213, 70,30.03925952,2E-10,-3.80362E-10,5.2E-16, 0.0332897687,4.2152E-13,56.821,,, 100,
83.63322,22.01446,184.55755,-5.78427,15,NOV,1983,45653,0.006468,0.033262, 70,30.03824079,2E-10,-3.80324E-10,2.7E-16, 0.0332908977,4.21507E-13,56.83,,, 100,
83.63322,22.01446,184.55755,-5.78427,15,DEC,1983,45683,0.021719,0.014858,100,30.03725501,5E-10,-3.8031E-10,1.1E-15, 0.0332919902,4.2152E-13,56.823,,, 100,
83.63322,22.01446,184.55755,-5.78427,15,JAN,1984,45714,0.03134,0.024108, 50,30.03623644,2E-10,-3.80261E-10,4.3E-16, 0.0332931192,4.21493E-13,56.813,,, 100,
83.63322,22.01446,184.55755,-5.78427,15,FEB,1984,45745,0.006795,0.032593, 70,30.03521798,1E-10,-3.80232E-10,3.4E-16, 0.0332942481,4.2149E-13,56.819,,, 100,
83.63322,22.01446,184.55755,-5.78427,15,MAR,1984,45774,0.018425,0.010692,100,30.03426532,2E-10,-3.80197E-10,4.6E-16, 0.0332953042,4.21478E-13,56.827,,, 100,
83.63322,22.01446,184.55755,-5.78427,15,APR,1984,45805,0.001555,0.027365, 70,30.03324701,2E-10,-3.80176E-10,6.3E-16, 0.0332964331,4.21484E-13,56.827,Y,, 100,
83.63322,22.01446,184.55755,-5.78427,15,MAY,1984,45835,0.028105,0.02085, 70,30.03226165,2E-10,-3.80135E-10,4.1E-16, 0.0332975256,4.21465E-13,56.827,Y,, 100,
83.63322,22.01446,184.55755,-5.78427,15,JUN,1984,45866,0.022997,0.016052,100,30.03124355,2E-10,-3.80097E-10,6.3E-16, 0.0332986544,4.21452E-13,56.829,,, 100,
83.63322,22.01446,184.55755,-5.78427,15,JUL,1984,45896,0.007324,0.000422,100,30.03025836,2E-10,-3.80076E-10,6.1E-16, 0.0332997468,4.21456E-13,56.829,,, 100,
83.63322,22.01446,184.55755,-5.78427,15,AUG,1984,45927,0.015489,0.008911,100,30.02924042,3E-10,-3.80048E-10,1.04E-15, 0.0333008756,4.21453E-13,56.826,,, 720,
83.63322,22.01446,184.55755,-5.78427,15,SEP,1984,45958,0.002836,0.029886,100,30.02822252,1.2E-09,-3.79994E-10,1.99E-15, 0.0333020044,4.21422E-13,56.834,,,1100,
83.63322,22.01446,184.55755,-5.78427,15,OCT,1984,45988,0.023219,0.016791,200,30.02723763,8E-10,-3.79986E-10,1.95E-15, 0.0333030968,4.21441E-13,56.845,,,1600,
83.63322,22.01446,184.55755,-5.78427,15,NOV,1984,46019,0.011806,0.005088,400,30.02621994,6E-10,-3.79949E-10,6.7E-16, 0.0333042255,4.21429E-13,56.853,,,1500,
83.63322,22.01446,184.55755,-5.78427,15,DEC,1984,46049,0.020226,0.013133,200,30.02523515,8E-10,-3.79919E-10,2.27E-15, 0.0333053178,4.21423E-13,56.834,,, 130,
83.63322,22.01446,184.55755,-5.78427,15,JAN,1985,46080,0.016794,0.009406, 70,30.02421761,1E-10,-3.79884E-10,4.7E-16, 0.0333064466,4.21413E-13,56.827,,, 200,
83.63322,22.01446,184.55755,-5.78427,15,FEB,1985,46111,0.021412,0.013753, 50,30.02320017,2E-10,-3.79857E-10,6.2E-16, 0.0333075753,4.21411E-13,56.827,,, 200,
83.63322,22.01446,184.55755,-5.78427,15,MAR,1985,46139,0.011123,0.003288, 40,30.02228126,2E-10,-3.7982E-10,4.6E-16, 0.0333085948,4.21396E-13,56.83,,, 200,
83.63322,22.01446,184.55755,-5.78427,15,APR,1985,46170,0.018725,0.010972, 30,30.02126398,1E-10,-3.79793E-10,2.7E-16, 0.0333097234,4.21395E-13,56.827,,, 100,
83.63322,22.01446,184.55755,-5.78427,15,MAY,1985,46200,0.003745,0.029538, 30,30.02027958,2E-10,-3.79773E-10,7E-16, 0.0333108157,4.214E-13,56.825,,, 100,
83.63322,22.01446,184.55755,-5.78427,15,JUN,1985,46231,0.014525,0.00734, 60,30.01926246,2E-10,-3.79731E-10,5.8E-16, 0.0333119443,4.21383E-13,56.829,,, 100,
83.63322,22.01446,184.55755,-5.78427,15,JUL,1985,46261,0.023125,0.016264, 70,30.01827825,3E-10,-3.79701E-10,7.4E-16, 0.0333130365,4.21376E-13,56.83,,, 100,
83.63322,22.01446,184.55755,-5.78427,15,AUG,1985,46292,0.005172,0.03187,100,30.01726129,5E-10,-3.79661E-10,1.58E-15, 0.0333141651,4.21361E-13,56.846,,, 100,
83.63322,22.01446,184.55755,-5.78427,15,SEP,1985,46323,0.00901,0.002472,100,30.01624448,9.7E-09,-3.79615E-10,1.121E-14, 0.0333152937,4.21338E-13,56.846,Y,, 100,
83.63322,22.01446,184.55755,-5.78427,15,OCT,1985,46353,0.027119,0.020464,100,30.01526051,3E-10,-3.79603E-10,7.4E-16, 0.0333163858,4.21352E-13,56.819,,, 100,
83.63322,22.01446,184.55755,-5.78427,15,NOV,1985,46384,0.020715,0.013764, 40,30.01424384,1E-10,-3.79561E-10,2.5E-16, 0.0333175144,4.21334E-13,56.825,,, 100,
83.63322,22.01446,184.55755,-5.78427,15,DEC,1985,46414,0.020101,0.012764, 75,30.01326006,3E-10,-3.79529E-10,8.5E-16, 0.0333186064,4.21326E-13,56.825,Y,, 100,
83.63322,22.01446,184.55755,-5.78427,15,JAN,1986,46445,0.006803,0.032394, 60,30.01224356,1E-10,-3.79495E-10,3.9E-16, 0.0333197349,4.21317E-13,56.8,,, 100,
83.63322,22.01446,184.55755,-5.78427,15,FEB,1986,46476,0.008738,0.000728, 50,30.01122714,1E-10,-3.79472E-10,3.4E-16, 0.0333208634,4.2132E-13,56.8,,, 100,
83.63322,22.01446,184.55755,-5.78427,15,MAR,1986,46504,0.031838,0.023731, 70,30.01030917,2E-10,-3.79443E-10,4.7E-16, 0.0333218826,4.21314E-13,56.804,,, 100,
83.63322,22.01446,184.55755,-5.78427,15,APR,1986,46535,0.028741,0.020717, 50,30.00929291,1E-10,-3.79412E-10,3.2E-16, 0.0333230111,4.21308E-13,56.802,,, 100,
83.63322,22.01446,184.55755,-5.78427,15,MAY,1986,46565,0.004327,0.029865,150,30.00830952,4E-10,-3.79364E-10,1.26E-15, 0.0333241031,4.21282E-13,56.805,,, 100,
83.63322,22.01446,184.55755,-5.78427,15,JUN,1986,46596,0.021669,0.014223,100,30.00729344,5E-10,-3.79335E-10,2.16E-15, 0.0333252315,4.21278E-13,56.805,Y,, 100,
83.63322,22.01446,184.55755,-5.78427,15,JUL,1986,46626,0.009945,0.00283, 50,30.00631023,2E-10,-3.79318E-10,5E-16, 0.0333263234,4.21287E-13,56.805,Y,, 100,
83.63322,22.01446,184.55755,-5.78427,15,AUG,1986,46657,0.01816,0.011296, 60,30.00529429,2E-10,-3.79287E-10,6.4E-16, 0.0333274518,4.21282E-13,56.805,Y,, 100, 8
83.63322,22.01446,184.55755,-5.78427,15,SEP,1986,46688,0.021567,0.014785,700,30.00427846,3E-10,-3.7928E-10,4.5E-16, 0.0333285802,4.21303E-13,56.843,,, 100, 8
83.63322,22.01446,184.55755,-5.78427,15,OCT,1986,46718,0.029655,0.022756,120,30.00329546,1E-10,-3.79229E-10,2.6E-16, 0.0333296721,4.21273E-13,56.832,,, 100,
83.63322,22.01446,184.55755,-5.78427,15,NOV,1986,46749,0.018796,0.011603, 80,30.00227979,6E-10,-3.79181E-10,1.4E-15, 0.0333308004,4.21248E-13,56.842,,, 100,
83.63322,22.01446,184.55755,-5.78427,15,DEC,1986,46779,0.003997,0.029731, 50,30.00129696,2E-10,-3.79159E-10,5.3E-16, 0.0333318923,4.21251E-13,56.845,,, 100,
83.63322,22.01446,184.55755,-5.78427,15,JAN,1987,46810,0.010355,0.002354, 60,30.00028147,2E-10,-3.7913E-10,3.9E-16, 0.0333330206,4.21248E-13,56.845,,, 100,
83.63322,22.01446,184.55755,-5.78427,15,FEB,1987,46841,0.009196,0.000907, 60,29.99926607,2E-10,-3.79097E-10,6.4E-16, 0.0333341488,4.2124E-13,56.844,,, 100,
83.63322,22.01446,184.55755,-5.78427,15,MAR,1987,46869,0.003713,0.028659,100,29.998349,6E-10,-3.79059E-10,2.38E-15, 0.0333351679,4.21223E-13,56.851,,, 100,
83.63322,22.01446,184.55755,-5.78427,15,APR,1987,46900,0.025318,0.017012, 80,29.99733377,3E-10,-3.79032E-10,5.5E-16, 0.0333362961,4.21221E-13,56.851,Y,, 100,
83.63322,22.01446,184.55755,-5.78427,15,MAY,1987,46930,0.028256,0.020192, 70,29.99635135,2E-10,-3.79014E-10,6.1E-16, 0.0333373879,4.21229E-13,56.851,,, 100,
83.63322,22.01446,184.55755,-5.78427,15,JUN,1987,46961,0.027152,0.019436,130,29.99533626,5E-10,-3.78972E-10,1.38E-15, 0.0333385161,4.21211E-13,56.858,,, 100,
83.63322,22.01446,184.55755,-5.78427,15,JUL,1987,46991,0.007015,0.032978,150,29.99435403,3E-10,-3.78933E-10,1.12E-15, 0.0333396078,4.21195E-13,56.858,Y,,1500,
83.63322,22.01446,184.55755,-5.78427,15,AUG,1987,47022,0.019054,0.011936,100,29.99333912,3E-10,-3.78893E-10,7.8E-16, 0.0333407360,4.21179E-13,56.858,Y,, 750,
83.63322,22.01446,184.55755,-5.78427,15,SEP,1987,47053,0.0028,0.02911,120,29.99232433,3E-10,-3.78879E-10,9.5E-16, 0.0333418640,4.21192E-13,56.861,,, 750,
83.63322,22.01446,184.55755,-5.78427,15,OCT,1987,47083,0.00459,0.030782, 50,29.99134231,2E-10,-3.78848E-10,4.5E-16, 0.0333429558,4.21186E-13,56.853,,,1000,
83.63322,22.01446,184.55755,-5.78427,15,NOV,1987,47114,0.024528,0.01707, 75,29.99032767,4E-10,-3.78809E-10,1.15E-15, 0.0333440838,4.2117E-13,56.859,,,1350,
83.63322,22.01446,184.55755,-5.78427,15,DEC,1987,47144,0.031676,0.023815,100,29.9893458,5E-10,-3.78793E-10,1.37E-15, 0.0333451755,4.2118E-13,56.852,,,1500,
83.63322,22.01446,184.55755,-5.78427,15,JAN,1988,47175,0.026876,0.018603, 75,29.9883313,2E-10,-3.78745E-10,7.1E-16, 0.0333463036,4.21155E-13,56.856,,,1000,
83.63322,22.01446,184.55755,-5.78427,15,FEB,1988,47206,0.024222,0.015654,100,29.98731693,4E-10,-3.78709E-10,1.11E-15, 0.0333474316,4.21143E-13,56.859,,, 850,
83.63322,22.01446,184.55755,-5.78427,15,MAR,1988,47235,0.006479,0.031156, 25,29.98636805,3E-10,-3.7869E-10,8.2E-16, 0.0333484868,4.21149E-13,56.859,Y,,1000,
83.63322,22.01446,184.55755,-5.78427,15,APR,1988,47266,0.009717,0.001135,100,29.9853538,2E-10,-3.78674E-10,5.7E-16, 0.0333496148,4.2116E-13,56.859,Y,, 500,
83.63322,22.01446,184.55755,-5.78427,15,MAY,1988,47296,0.00705,0.032072,200,29.98437237,4E-10,-3.78616E-10,1.24E-15, 0.0333507064,4.21123E-13,56.859,Y,, 100,
83.63322,22.01446,184.55755,-5.78427,15,JUN,1988,47327,0.010773,0.002803,200,29.98335829,5E-10,-3.78587E-10,1.89E-15, 0.0333518344,4.21119E-13,56.859,Y,, 100,
83.63322,22.01446,184.55755,-5.78427,15,JUL,1988,47357,0.012682,0.00506,300,29.982377,2E-10,-3.78574E-10,6.1E-16, 0.0333529260,4.21133E-13,56.859,Y,, 100,
83.63322,22.01446,184.55755,-5.78427,15,AUG,1988,47388,0.021515,0.014156,300,29.9813631,5E-10,-3.78527E-10,1.53E-15, 0.0333540539,4.21109E-13,56.894,,, 100,
83.63322,22.01446,184.55755,-5.78427,15,SEP,1988,47419,0.013883,0.006608,250,29.98034929,7E-10,-3.78505E-10,1.95E-15, 0.0333551818,4.21113E-13,56.894,Y,, 100,
83.63322,22.01446,184.55755,-5.78427,15,OCT,1988,47449,0.016872,0.009474, 75,29.97936826,2E-10,-3.78462E-10,5E-16, 0.0333562733,4.21092E-13,56.894,Y,, 100,
83.63322,22.01446,184.55755,-5.78427,15,NOV,1988,47480,0.0023,0.027942,100,29.97835462,2E-10,-3.78439E-10,6.6E-16, 0.0333574011,4.21095E-13,56.834,,, 100,
83.63322,22.01446,184.55755,-5.78427,15,DEC,1988,47510,0.004357,0.029588, 60,29.97737375,1E-10,-3.78397E-10,3.3E-16, 0.0333584926,4.21076E-13,56.834,Y,, 100,
83.63322,22.01446,184.55755,-5.78427,15,JAN,1989,47541,0.017508,0.008962, 80,29.9763603,2E-10,-3.78365E-10,4.8E-16, 0.0333596204,4.21069E-13,56.816,,, 100,
83.63322,22.01446,184.55755,-5.78427,15,FEB,1989,47572,0.007426,0.031944,100,29.97534693,3E-10,-3.78343E-10,8.6E-16, 0.0333607482,4.21073E-13,56.807,,, 100,
83.63322,22.01446,184.55755,-5.78427,15,MAR,1989,47600,0.034457,0.025516,100,29.97443168,2E-10,-3.78306E-10,5.1E-16, 0.0333617668,4.21057E-13,56.807,Y,, 100,
83.63322,22.01446,184.55755,-5.78427,15,APR,1989,47631,0.003773,0.028287,150,29.97341848,2E-10,-3.78268E-10,5.9E-16, 0.0333628945,4.21044E-13,56.816,,, 100,
83.63322,22.01446,184.55755,-5.78427,15,MAY,1989,47661,0.002301,0.027076,200,29.97243802,3E-10,-3.78265E-10,9E-16, 0.0333639859,4.21067E-13,56.816,Y,, 100,
83.63322,22.01446,184.55755,-5.78427,15,JUN,1989,47692,0.025896,0.017677,100,29.97142495,4E-10,-3.78234E-10,1.61E-15, 0.0333651137,4.21062E-13,56.818,,, 100,
83.63322,22.01446,184.55755,-5.78427,15,JUL,1989,47722,0.025801,0.017941, 70,29.97044467,2E-10,-3.78177E-10,5.1E-16, 0.0333662050,4.21025E-13,56.818,Y,, 100,
83.63322,22.01446,184.55755,-5.78427,15,AUG,1989,47753,0.00695,0.032769, 40,29.96943181,1E-10,-3.78146E-10,1.7E-16, 0.0333673326,4.2102E-13,56.802,,, 100, 9
83.63322,22.01446,184.55755,-5.78427, 2,SEP,1989,47771,0.016027,0.008547,600,29.96884579,1.5E-09,-3.79222E-10,1.28E-14, 0.0333679851,4.22235E-13,56.798,,, 100,10
83.63322,22.01446,184.55755,-5.78427,11,SEP,1989,47780,0.021672,0.014232,100,29.96855094,3E-10,-3.78931E-10,3.8E-15, 0.0333683134,4.21919E-13,56.795,,, 100,
83.63322,22.01446,184.55755,-5.78427,23,SEP,1989,47792,0.020502,0.013097,160,29.96815833,4E-10,-3.78503E-10,2E-15, 0.0333687506,4.21453E-13,56.792,,, 100,
83.63322,22.01446,184.55755,-5.78427,15,OCT,1989,47814,0.028937,0.021398,300,29.96743915,3E-10,-3.7826E-10,8.6E-16, 0.0333695514,4.21203E-13,56.798,,, 100,
83.63322,22.01446,184.55755,-5.78427,15,NOV,1989,47845,0.018199,0.010228, 50,29.96642615,1E-10,-3.78171E-10,2.3E-16, 0.0333706794,4.21132E-13,56.796,,, 100,
83.63322,22.01446,184.55755,-5.78427,15,DEC,1989,47875,0.010283,0.00194, 80,29.96544597,1E-10,-3.78136E-10,2.6E-16, 0.0333717710,4.21121E-13,56.803,,, 100,
83.63322,22.01446,184.55755,-5.78427,15,JAN,1990,47906,0.003696,0.028306, 50,29.96443324,2E-10,-3.78098E-10,4.2E-16, 0.0333728989,4.21107E-13,56.795,,, 100,
83.63322,22.01446,184.55755,-5.78427,15,FEB,1990,47937,,0.001119, 40,29.96342057,1E-10,-3.78069E-10,4.8E-16, 0.0333740268,4.21103E-13,56.813,,, 100,11
83.63322,22.01446,184.55755,-5.78427,15,MAR,1990,47965,,0.009329, 50,29.96250599,1E-10,-3.78042E-10,4.5E-16, 0.0333750455,4.21099E-13,56.819,,, 100,
83.63322,22.01446,184.55755,-5.78427,15,APR,1990,47996,,0.00671,150,29.96149349,8E-10,-3.78004E-10,1.49E-15, 0.0333761733,4.21085E-13,56.819,Y,, 100,
83.63322,22.01446,184.55755,-5.78427,15,MAY,1990,48026,,0.02912,100,29.96051372,3E-10,-3.77982E-10,8.8E-16, 0.0333772648,4.21088E-13,56.788,,, 100,
83.63322,22.01446,184.55755,-5.78427,15,JUN,1990,48057,,0.02332, 50,29.95950135,1E-10,-3.77959E-10,6.1E-16, 0.0333783927,4.2109E-13,56.813,,, 100,
83.63322,22.01446,184.55755,-5.78427,15,JUL,1990,48087,,0.02708, 50,29.95852172,2E-10,-3.77934E-10,6.9E-16, 0.0333794841,4.21091E-13,56.809,,, 100,
83.63322,22.01446,184.55755,-5.78427,15,AUG,1990,48118,,0.026833,100,29.95750951,1.4E-09,-3.77901E-10,1.79E-15, 0.0333806120,4.21082E-13,56.824,,, 100,
83.63322,22.01446,184.55755,-5.78427,15,SEP,1990,48149,,0.027168,100,29.95649736,1E-10,-3.7788E-10,5.3E-16, 0.0333817398,4.21087E-13,56.824,Y,, 100,
83.63322,22.01446,184.55755,-5.78427,15,OCT,1990,48179,,0.032899,100,29.95551796,2E-10,-3.77832E-10,4.5E-16, 0.0333828312,4.21061E-13,56.81,,, 100,
83.63322,22.01446,184.55755,-5.78427,15,NOV,1990,48210,,0.030368, 75,29.95450599,1E-10,-3.77816E-10,3.3E-16, 0.0333839590,4.21071E-13,56.808,,, 100,
83.63322,22.01446,184.55755,-5.78427,15,DEC,1990,48240,,0.016674,125,29.95352675,3E-10,-3.77787E-10,7.4E-16, 0.0333850504,4.21067E-13,56.808,Y,, 100,
83.63322,22.01446,184.55755,-5.78427,15,JAN,1991,48271,,0.01789, 75,29.9525149,4E-10,-3.77766E-10,1.13E-15, 0.0333861782,4.21072E-13,56.788,,, 100,
83.63322,22.01446,184.55755,-5.78427,15,FEB,1991,48302,,0.019339,100,29.95150316,2E-10,-3.77729E-10,7E-16, 0.0333873060,4.21059E-13,56.788,Y,, 100,
83.63322,22.01446,184.55755,-5.78427,15,MAR,1991,48330,,0.015,100,29.95058939,3E-10,-3.77683E-10,8E-16, 0.0333883246,4.21034E-13,56.787,,, 100,
83.63322,22.01446,184.55755,-5.78427,15,APR,1991,48361,,0.017047,150,29.94957784,2E-10,-3.77661E-10,5.8E-16, 0.0333894523,4.21038E-13,56.789,,, 100,
83.63322,22.01446,184.55755,-5.78427,15,MAY,1991,48391,,0.01296,150,29.94859896,2E-10,-3.77648E-10,5.6E-16, 0.0333905436,4.21051E-13,56.789,Y,, 100,
83.63322,22.01446,184.55755,-5.78427,15,JUN,1991,48422,,0.015275, 75,29.94758754,3E-10,-3.77606E-10,9E-16, 0.0333916713,4.21032E-13,56.789,Y,, 100,
83.63322,22.01446,184.55755,-5.78427,15,JUL,1991,48452,,0.032386, 75,29.94660884,1E-10,-3.77571E-10,3E-16, 0.0333927626,4.21021E-13,56.789,Y,, 100,
83.63322,22.01446,184.55755,-5.78427,15,AUG,1991,48483,,0.004753, 50,29.94559758,1E-10,-3.77546E-10,4.2E-16, 0.0333938903,4.21021E-13,56.789,Y,, 100,
83.63322,22.01446,184.55755,-5.78427,15,SEP,1991,48514,,0.025346, 75,29.94458641,1E-10,-3.77519E-10,3.1E-16, 0.0333950179,4.2102E-13,56.828,,, 100,
83.63322,22.01446,184.55755,-5.78427,15,OCT,1991,48544,,0.030786, 50,29.94360793,1E-10,-3.7748E-10,3.4E-16, 0.0333961092,4.21004E-13,56.828,,, 100,
83.63322,22.01446,184.55755,-5.78427,15,NOV,1991,48575,,0.013443,100,29.94259692,2E-10,-3.77448E-10,4.8E-16, 0.0333972368,4.20996E-13,56.821,,, 100,
83.63322,22.01446,184.55755,-5.78427,15,DEC,1991,48605,,0.003476,100,29.94161859,2E-10,-3.77427E-10,5E-16, 0.0333983280,4.21E-13,56.838,,, 100,
83.63322,22.01446,184.55755,-5.78427,15,JAN,1992,48636,,0.020498,100,29.94060776,1E-10,-3.77378E-10,3.3E-16, 0.0333994556,4.20974E-13,56.835,Y,, 100,
83.63322,22.01446,184.55755,-5.78427,15,FEB,1992,48667,,0.012983,150,29.93959702,3E-10,-3.77358E-10,7.2E-16, 0.0334005832,4.2098E-13,56.832,Y,, 100,
83.63322,22.01446,184.55755,-5.78427,15,MAR,1992,48696,,0.019869,100,29.93865155,3E-10,-3.77318E-10,8E-16, 0.0334016380,4.20962E-13,56.829,Y,, 100,
83.63322,22.01446,184.55755,-5.78427,15,APR,1992,48727,,0.02193,100,29.93764097,2E-10,-3.77298E-10,6.4E-16, 0.0334027655,4.20969E-13,56.826,Y,, 100,
83.63322,22.01446,184.55755,-5.78427,15,MAY,1992,48757,,0.021341, 50,29.93666307,1E-10,-3.7727E-10,1.8E-16, 0.0334038566,4.20965E-13,56.823,Y,, 100,
83.63322,22.01446,184.55755,-5.78427,15,JUN,1992,48788,,0.015386,200,29.93565265,3E-10,-3.77234E-10,8.2E-16, 0.0334049841,4.20952E-13,56.82,Y,, 100,
83.63322,22.01446,184.55755,-5.78427,15,JUL,1992,48818,,0.033161,100,29.93467489,1E-10,-3.77198E-10,3.3E-16, 0.0334060752,4.20941E-13,56.817,Y,, 100,
83.63322,22.01446,184.55755,-5.78427,15,AUG,1992,48849,,0.023098,100,29.93366466,1E-10,-3.77167E-10,3.4E-16, 0.0334072026,4.20934E-13,56.814,Y,, 100,
83.63322,22.01446,184.55755,-5.78427,15,SEP,1992,48880,,0.003591, 50,29.9326545,1E-10,-3.77126E-10,2.7E-16, 0.0334083300,4.20917E-13,56.811,Y,, 100,
83.63322,22.01446,184.55755,-5.78427,15,OCT,1992,48910,,0.016323,200,29.93167701,2E-10,-3.77093E-10,4.3E-16, 0.0334094211,4.20907E-13,56.808,Y,, 100,
83.63322,22.01446,184.55755,-5.78427,15,NOV,1992,48941,,0.012334, 50,29.93066702,2E-10,-3.77075E-10,3.2E-16, 0.0334105484,4.20915E-13,56.805,Y,, 100,12
83.63322,22.01446,184.55755,-5.78427,15,DEC,1992,48971,,0.032315,750,29.92968972,2E-10,-3.77053E-10,4.3E-16, 0.0334116394,4.20919E-13,56.802,Y,, 100,
83.63322,22.01446,184.55755,-5.78427,15,JAN,1993,49002,,0.013616, 50,29.92867989,1E-10,-3.77004E-10,1.9E-16, 0.0334127667,4.20892E-13,56.799,Y,, 100,
83.63322,22.01446,184.55755,-5.78427,15,FEB,1993,49033,,0.014526, 50,29.92767017,1E-10,-3.7697E-10,1.4E-16, 0.0334138940,4.20883E-13,56.795,,, 100,
83.63322,22.01446,184.55755,-5.78427,15,MAR,1993,49061,,0.028633, 50,29.92675823,1E-10,-3.76947E-10,1.3E-16, 0.0334149122,4.20883E-13,56.793,,, 100,
83.63322,22.01446,184.55755,-5.78427,15,APR,1993,49092,,0.022471,150,29.92574865,1E-10,-3.76908E-10,2.6E-16, 0.0334160395,4.20867E-13,56.791,,, 100,
83.63322,22.01446,184.55755,-5.78427,15,MAY,1993,49122,,0.008437,150,29.92477174,1E-10,-3.76883E-10,1.1E-16, 0.0334171304,4.20867E-13,56.791,Y,, 100,
83.63322,22.01446,184.55755,-5.78427,15,JUN,1993,49153,,0.014701,100,29.92376233,1E-10,-3.76847E-10,3.4E-16, 0.0334182577,4.20855E-13,56.791,,, 100,
83.63322,22.01446,184.55755,-5.78427,15,JUL,1993,49183,,0.012284, 75,29.92278557,1E-10,-3.76816E-10,2.1E-16, 0.0334193485,4.20848E-13,56.791,Y,, 100,
83.63322,22.01446,184.55755,-5.78427,15,AUG,1993,49214,,0.001419,100,29.92177636,1E-10,-3.76784E-10,2.5E-16, 0.0334204757,4.2084E-13,56.791,Y,, 100,
83.63322,22.01446,184.55755,-5.78427,15,SEP,1993,49245,,0.023358, 75,29.92076722,1E-10,-3.76752E-10,2.3E-16, 0.0334216029,4.20833E-13,56.796,,, 100,
83.63322,22.01446,184.55755,-5.78427,15,OCT,1993,49275,,0.020727,100,29.91979074,1E-10,-3.76702E-10,3E-16, 0.0334226937,4.20805E-13,56.796,Y,, 100,
83.63322,22.01446,184.55755,-5.78427,15,NOV,1993,49306,,0.009199, 50,29.91878181,1E-10,-3.76683E-10,1.8E-16, 0.0334238207,4.20812E-13,56.796,Y,, 100,
83.63322,22.01446,184.55755,-5.78427,15,DEC,1993,49336,,0.005347, 75,29.91780549,1E-10,-3.76644E-10,5.4E-16, 0.0334249115,4.20796E-13,56.796,Y,, 100,
83.63322,22.01446,184.55755,-5.78427,15,JAN,1994,49367,,0.03039, 75,29.91679671,1E-10,-3.76615E-10,1.6E-16, 0.0334260385,4.20791E-13,56.823,,, 100,
83.63322,22.01446,184.55755,-5.78427,15,FEB,1994,49398,,0.015241, 50,29.91578801,1E-10,-3.76593E-10,1.1E-16, 0.0334271656,4.20795E-13,56.827,,, 100,
83.63322,22.01446,184.55755,-5.78427,15,MAR,1994,49426,,0.002534,100,29.914877,1E-10,-3.76551E-10,2.7E-16, 0.0334281836,4.20774E-13,56.827,Y,, 100,
83.63322,22.01446,184.55755,-5.78427,15,APR,1994,49457,,0.004298, 75,29.91386849,1E-10,-3.7652E-10,2.4E-16, 0.0334293106,4.20768E-13,56.827,Y,, 100,
83.63322,22.01446,184.55755,-5.78427,15,MAY,1994,49487,,0.026642,100,29.91289258,1E-10,-3.76498E-10,1.8E-16, 0.0334304012,4.20771E-13,56.834,,, 100,
83.63322,22.01446,184.55755,-5.78427,15,JUN,1994,49518,,0.024804, 75,29.91188421,1E-10,-3.76462E-10,3.2E-16, 0.0334315282,4.20759E-13,56.834,Y,, 100,
83.63322,22.01446,184.55755,-5.78427,15,JUL,1994,49548,,0.01528, 50,29.91090846,1E-10,-3.76432E-10,1.2E-16, 0.0334326188,4.20753E-13,56.834,Y,, 100,
83.63322,22.01446,184.55755,-5.78427,15,AUG,1994,49579,,0.014877, 50,29.90990026,1E-10,-3.76401E-10,1.1E-16, 0.0334337457,4.20747E-13,56.834,Y,, 100,
83.63322,22.01446,184.55755,-5.78427,15,SEP,1994,49610,,0.022316, 75,29.90889216,1E-10,-3.76367E-10,2E-16, 0.0334348726,4.20738E-13,56.836,,, 100,
83.63322,22.01446,184.55755,-5.78427,15,OCT,1994,49640,,0.015854,100,29.90791665,1E-10,-3.7633E-10,2.8E-16, 0.0334359632,4.20723E-13,56.837,,, 100,
83.63322,22.01446,184.55755,-5.78427,15,NOV,1994,49671,,0.010993,100,29.90690874,1E-10,-3.76305E-10,2.6E-16, 0.0334370900,4.20723E-13,56.836,Y,, 100,
83.63322,22.01446,184.55755,-5.78427,15,DEC,1994,49701,,0.030726, 75,29.90593341,1E-10,-3.76276E-10,2.2E-16, 0.0334381805,4.20719E-13,56.836,Y,, 100,
83.63322,22.01446,184.55755,-5.78427,15,JAN,1995,49732,,0.016971, 50,29.90492563,1E-10,-3.76244E-10,1.6E-16, 0.0334393074,4.20711E-13,56.816,Y,, 100,
83.63322,22.01446,184.55755,-5.78427,15,FEB,1995,49763,,0.006826, 75,29.90391794,1E-10,-3.76215E-10,2.8E-16, 0.0334404342,4.20707E-13,56.82,,, 100,
83.63322,22.01446,184.55755,-5.78427,15,MAR,1995,49791,,0.026099, 75,29.90300785,1E-10,-3.76182E-10,2.4E-16, 0.0334414519,4.20696E-13,56.82,Y,, 100,
83.63322,22.01446,184.55755,-5.78427,15,APR,1995,49822,,0.028495,100,29.90200034,1E-10,-3.76137E-10,2.6E-16, 0.0334425787,4.20674E-13,56.797,,, 100,
83.63322,22.01446,184.55755,-5.78427,15,MAY,1995,49852,,0.016695, 50,29.90102541,1E-10,-3.76115E-10,1.2E-16, 0.0334436691,4.20677E-13,56.789,,, 100,
83.63322,22.01446,184.55755,-5.78427,15,JUN,1995,49883,,0.003466, 75,29.90001806,1E-10,-3.76085E-10,2.9E-16, 0.0334447959,4.20672E-13,56.789,Y,, 100,
83.63322,22.01446,184.55755,-5.78427,15,JUL,1995,49913,,0.020832, 75,29.89904329,1E-10,-3.76049E-10,2.4E-16, 0.0334458862,4.20659E-13,56.789,Y,, 100,
83.63322,22.01446,184.55755,-5.78427,15,AUG,1995,49944,,0.031061, 50,29.8980361,1E-10,-3.76019E-10,1.8E-16, 0.0334470129,4.20653E-13,56.789,Y,, 100,
83.63322,22.01446,184.55755,-5.78427,15,SEP,1995,49975,,0.024928, 50,29.89702902,1E-10,-3.75987E-10,1.9E-16, 0.0334481396,4.20646E-13,56.789,Y,, 100,
83.63322,22.01446,184.55755,-5.78427,15,OCT,1995,50005,,0.018106, 50,29.89605449,1E-10,-3.75957E-10,2.5E-16, 0.0334492299,4.2064E-13,56.789,Y,, 100,
83.63322,22.01446,184.55755,-5.78427,15,NOV,1995,50036,,0.02219, 75,29.89504757,1E-10,-3.75937E-10,3.4E-16, 0.0334503565,4.20646E-13,56.789,Y,, 100,
83.63322,22.01446,184.55755,-5.78427,15,DEC,1995,50066,,0.005786, 75,29.8940732,1E-10,-3.75893E-10,3E-16, 0.0334514468,4.20624E-13,56.789,Y,, 100,
83.63322,22.01446,184.55755,-5.78427,15,JAN,1996,50097,,0.025658, 50,29.89306645,1E-10,-3.7586E-10,1.6E-16, 0.0334525734,4.20615E-13,56.815,,, 100,
83.63322,22.01446,184.55755,-5.78427,15,FEB,1996,50128,,0.024596, 75,29.89205977,2E-10,-3.75836E-10,2.6E-16, 0.0334537000,4.20617E-13,56.841,,, 100,
83.63322,22.01446,184.55755,-5.78427,15,MAR,1996,50157,,0.016145,100,29.89111813,2E-10,-3.75818E-10,4.5E-16, 0.0334547539,4.20624E-13,56.815,,, 100,
83.63322,22.01446,184.55755,-5.78427,15,APR,1996,50188,,0.021472,200,29.89011161,2E-10,-3.75765E-10,6.2E-16, 0.0334558804,4.20593E-13,56.815,Y,, 100,
83.63322,22.01446,184.55755,-5.78427,15,MAY,1996,50218,,0.020451,150,29.88913764,2E-10,-3.75743E-10,4.2E-16, 0.0334569706,4.20595E-13,56.835,,, 100,
83.63322,22.01446,184.55755,-5.78427,15,JUN,1996,50249,,0.002456,120,29.88813129,2E-10,-3.75715E-10,7.4E-16, 0.0334580971,4.20592E-13,56.835,Y,, 100,13
83.63322,22.01446,184.55755,-5.78427,15,JUL,1996,50279,,0.030093,1500,29.88715784,1.2E-09,-3.75911E-10,2.94E-15, 0.0334591869,4.20839E-13,56.835,Y,, 100,
83.63322,22.01446,184.55755,-5.78427,15,AUG,1996,50310,,0.014119,300,29.88615131,4E-10,-3.75734E-10,7.9E-16, 0.0334603138,4.20669E-13,56.823,,, 100,
83.63322,22.01446,184.55755,-5.78427,15,SEP,1996,50341,,0.01455, 75,29.885145,1E-10,-3.75681E-10,2E-16, 0.0334614405,4.20638E-13,56.827,,, 100,
83.63322,22.01446,184.55755,-5.78427,15,OCT,1996,50371,,0.018823,100,29.88417126,1E-10,-3.75672E-10,3.4E-16, 0.0334625308,4.20656E-13,56.827,,, 100,
83.63322,22.01446,184.55755,-5.78427,15,NOV,1996,50402,,0.023243,125,29.88316514,1E-10,-3.75623E-10,4E-16, 0.0334636574,4.20629E-13,56.842,,, 100,
83.63322,22.01446,184.55755,-5.78427,15,DEC,1996,50432,,0.014602,100,29.88219156,2E-10,-3.75595E-10,6.2E-16, 0.0334647477,4.20625E-13,56.817,,, 100,
83.63322,22.01446,184.55755,-5.78427,15,JAN,1997,50463,,0.022735,1000,29.88118567,2.5E-09,-3.75573E-10,6.62E-15, 0.0334658742,4.20629E-13,56.817,Y,, 100,
83.63322,22.01446,184.55755,-5.78427,15,FEB,1997,50494,,0.00319,300,29.8801798,8E-10,-3.75514E-10,2.68E-15, 0.0334670008,4.20591E-13,56.821,,, 100,
83.63322,22.01446,184.55755,-5.78427,15,MAR,1997,50522,,0.000436,100,29.87927132,2E-10,-3.75525E-10,6.4E-16, 0.0334680183,4.20629E-13,56.821,Y,, 100,
83.63322,22.01446,184.55755,-5.78427,15,APR,1997,50553,,0.021202,150,29.87826557,5E-10,-3.75495E-10,1.41E-15, 0.0334691449,4.20624E-13,56.813,Y,, 100,
83.63322,22.01446,184.55755,-5.78427,15,MAY,1997,50583,,0.020901, 75,29.87729233,1E-10,-3.75458E-10,4.2E-16, 0.0334702352,4.20609E-13,56.813,Y,, 100,
83.63322,22.01446,184.55755,-5.78427,15,JUN,1997,50614,,0.018619, 50,29.87628674,1E-10,-3.75434E-10,3E-16, 0.0334713617,4.20611E-13,56.813,Y,, 100,
83.63322,22.01446,184.55755,-5.78427,15,JUL,1997,50644,,0.015846, 40,29.87531365,1E-10,-3.75404E-10,4.3E-16, 0.0334724519,4.20604E-13,56.808,,, 100,
83.63322,22.01446,184.55755,-5.78427,15,AUG,1997,50675,,0.030328, 50,29.8743082,1E-10,-3.75377E-10,3E-16, 0.0334735785,4.20603E-13,56.8,,, 100,
83.63322,22.01446,184.55755,-5.78427,15,SEP,1997,50706,,0.007427, 75,29.87330284,1E-10,-3.75349E-10,3.8E-16, 0.0334747050,4.20599E-13,56.799,,, 100,
83.63322,22.01446,184.55755,-5.78427,15,OCT,1997,50736,,0.004211,900,29.87232994,2.4E-09,-3.7536E-10,5.72E-15, 0.0334757952,4.2064E-13,56.799,Y,, 100,
83.63322,22.01446,184.55755,-5.78427,15,NOV,1997,50767,,0.025948,200,29.87132475,4E-10,-3.75292E-10,1.33E-15, 0.0334769217,4.20591E-13,56.921,,, 100,
83.63322,22.01446,184.55755,-5.78427,15,DEC,1997,50797,,0.023375,100,29.87035202,1E-10,-3.75274E-10,2.3E-16, 0.0334780119,4.20598E-13,56.902,,, 100,
83.63322,22.01446,184.55755,-5.78427,15,JAN,1998,50828,,0.025957,350,29.86934697,4E-10,-3.75266E-10,1E-15, 0.0334791384,4.20618E-13,56.91,,, 100,
83.63322,22.01446,184.55755,-5.78427,15,FEB,1998,50859,,0.027725,200,29.86834194,4E-10,-3.75225E-10,1.02E-15, 0.0334802649,4.206E-13,56.89,,, 100,
83.63322,22.01446,184.55755,-5.78427,15,MAR,1998,50887,,0.000113,120,29.86743422,2E-10,-3.75193E-10,5.5E-16, 0.0334812824,4.2059E-13,56.867,,, 100,
83.63322,22.01446,184.55755,-5.78427,15,APR,1998,50918,,0.031273,150,29.86642934,3E-10,-3.7516E-10,8.6E-16, 0.0334824089,4.20582E-13,56.855,,, 100,
83.63322,22.01446,184.55755,-5.78427,15,MAY,1998,50948,,0.010362, 75,29.86545695,1E-10,-3.75143E-10,3.4E-16, 0.0334834991,4.2059E-13,56.82,,, 100,
83.63322,22.01446,184.55755,-5.78427,15,JUN,1998,50979,,0.032572, 50,29.86445223,1E-10,-3.75099E-10,3.5E-16, 0.0334846255,4.20569E-13,56.82,,, 100,
83.63322,22.01446,184.55755,-5.78427,15,JUL,1998,51009,,0.027551, 75,29.86348,2E-10,-3.75069E-10,4.3E-16, 0.0334857157,4.20563E-13,56.812,,, 100,
83.63322,22.01446,184.55755,-5.78427,15,AUG,1998,51040,,0.009687, 50,29.86247545,1E-10,-3.75049E-10,2.9E-16, 0.0334868421,4.20568E-13,56.812,,, 100,
83.63322,22.01446,184.55755,-5.78427,15,SEP,1998,51071,,0.008999,100,29.86147096,1E-10,-3.75029E-10,3.2E-16, 0.0334879685,4.20574E-13,56.793,,, 100,
83.63322,22.01446,184.55755,-5.78427,15,OCT,1998,51101,,0.009555,200,29.86049895,2E-10,-3.74984E-10,5.1E-16, 0.0334890586,4.20551E-13,56.795,,, 100,
83.63322,22.01446,184.55755,-5.78427,15,NOV,1998,51132,,0.030385,180,29.85949462,2E-10,-3.74957E-10,7.1E-16, 0.0334901850,4.20549E-13,56.788,,, 100,
83.63322,22.01446,184.55755,-5.78427,15,DEC,1998,51162,,0.013151,130,29.85852276,2E-10,-3.74943E-10,5.6E-16, 0.0334912751,4.20561E-13,56.8,,, 100,
83.63322,22.01446,184.55755,-5.78427,15,JAN,1999,51193,,0.030096, 70,29.85751856,1E-10,-3.74904E-10,3.3E-16, 0.0334924015,4.20545E-13,56.783,,, 100,
83.63322,22.01446,184.55755,-5.78427,15,FEB,1999,51224,,0.030413, 80,29.85651444,2E-10,-3.74887E-10,7.6E-16, 0.0334935279,4.20555E-13,56.825,,, 100,
83.63322,22.01446,184.55755,-5.78427,15,MAR,1999,51252,,0.005615,120,29.85560755,1E-10,-3.7486E-10,4.4E-16, 0.0334945453,4.20549E-13,56.81,,, 100,
83.63322,22.01446,184.55755,-5.78427,15,APR,1999,51283,,0.014566, 60,29.85460359,2E-10,-3.7482E-10,5.4E-16, 0.0334956717,4.20533E-13,56.794,,, 100,
83.63322,22.01446,184.55755,-5.78427,15,MAY,1999,51313,,0.000019, 45,29.8536321,1E-10,-3.74787E-10,2.6E-16, 0.0334967617,4.20523E-13,56.783,,, 100,
83.63322,22.01446,184.55755,-5.78427,15,JUN,1999,51344,,0.003376, 70,29.85262828,1E-10,-3.74774E-10,5.5E-16, 0.0334978880,4.20537E-13,56.784,,, 100,
83.63322,22.01446,184.55755,-5.78427,15,JUL,1999,51374,,0.01732,100,29.85165692,2E-10,-3.74732E-10,4.8E-16, 0.0334989781,4.20518E-13,56.773,,, 100,
83.63322,22.01446,184.55755,-5.78427,15,AUG,1999,51405,,0.024869, 60,29.85065326,1E-10,-3.74714E-10,2.7E-16, 0.0335001044,4.20526E-13,56.776,,, 100,
83.63322,22.01446,184.55755,-5.78427,15,SEP,1999,51436,,0.002755,140,29.84964968,3E-10,-3.74677E-10,9.5E-16, 0.0335012307,4.20513E-13,56.767,,, 100,
83.63322,22.01446,184.55755,-5.78427,15,OCT,1999,51466,,0.02076,400,29.84867858,4E-10,-3.74701E-10,8.6E-16, 0.0335023206,4.20566E-13,56.755,,, 100,14
83.63322,22.01446,184.55755,-5.78427,15,NOV,1999,51497,,0.026928,100,29.84767511,2E-10,-3.74629E-10,7.1E-16, 0.0335034470,4.20514E-13,56.761,,, 100,
83.63322,22.01446,184.55755,-5.78427,15,DEC,1999,51527,,0.011871, 60,29.84670409,1E-10,-3.74613E-10,3.7E-16, 0.0335045369,4.20523E-13,56.768,,, 100,
83.63322,22.01446,184.55755,-5.78427,15,JAN,2000,51558,,0.026218,150,29.84570078,3E-10,-3.74568E-10,8.4E-16, 0.0335056633,4.20501E-13,56.758,,, 100,
83.63322,22.01446,184.55755,-5.78427,15,FEB,2000,51589,,0.01135,150,29.84469756,3E-10,-3.74546E-10,8.8E-16, 0.0335067895,4.20504E-13,56.759,,, 100,
83.63322,22.01446,184.55755,-5.78427,15,MAR,2000,51618,,0.027688, 50,29.84375911,1E-10,-3.74529E-10,2.6E-16, 0.0335078432,4.20512E-13,56.765,,, 100,
83.63322,22.01446,184.55755,-5.78427,15,APR,2000,51649,,0.025612, 90,29.84275603,2E-10,-3.74507E-10,5.2E-16, 0.0335089694,4.20516E-13,56.764,,, 100,
83.63322,22.01446,184.55755,-5.78427,15,MAY,2000,51679,,0.005394, 80,29.84178535,1E-10,-3.7447E-10,4.1E-16, 0.0335100594,4.20501E-13,56.754,,, 100,
83.63322,22.01446,184.55755,-5.78427,15,JUN,2000,51710,,0.014569,100,29.84078241,2E-10,-3.74441E-10,5.6E-16, 0.0335111857,4.20498E-13,56.768,,, 100,
83.63322,22.01446,184.55755,-5.78427,15,JUL,2000,51740,,0.007952, 40,29.83981189,5E-10,-3.74418E-10,8.1E-16, 0.0335122756,4.20499E-13,56.768,,, 100,15
83.63322,22.01446,184.55755,-5.78427,15,AUG,2000,51771,,0.015517,4000,29.83880914,2.1E-09,-3.7449E-10,2.3E-15, 0.0335134018,4.20608E-13,56.767,,, 100,
83.63322,22.01446,184.55755,-5.78427,15,SEP,2000,51802,,0.001922, 40,29.83780634,9E-10,-3.7439E-10,1.72E-15, 0.0335145281,4.20523E-13,56.767,,, 100,16
83.63322,22.01446,184.55755,-5.78427,15,OCT,2000,51832,,0.020611,160,29.83683595,2E-10,-3.7438E-10,3.3E-16, 0.0335156181,4.20539E-13,56.766,,, 100,
83.63322,22.01446,184.55755,-5.78427,15,NOV,2000,51863,,0.001004, 60,29.83583327,1E-10,-3.7434E-10,3.7E-16, 0.0335167445,4.20523E-13,56.773,,, 100,
83.63322,22.01446,184.55755,-5.78427,15,DEC,2000,51893,,0.022104, 75,29.83486302,1E-10,-3.74308E-10,3.5E-16, 0.0335178345,4.20515E-13,56.778,,, 100,
83.63322,22.01446,184.55755,-5.78427,15,JAN,2001,51924,,0.003678,100,29.83386052,1E-10,-3.74288E-10,4E-16, 0.0335189608,4.2052E-13,56.776,,, 100,
83.63322,22.01446,184.55755,-5.78427,15,FEB,2001,51955,,0.020124, 60,29.83285807,1E-10,-3.74257E-10,3.7E-16, 0.0335200871,4.20514E-13,56.77,,, 100,
83.63322,22.01446,184.55755,-5.78427,15,MAR,2001,51983,,0.017119,160,29.83195269,2E-10,-3.74239E-10,6.1E-16, 0.0335211044,4.20519E-13,56.774,,, 100,
83.63322,22.01446,184.55755,-5.78427,15,APR,2001,52014,,0.025925,200,29.83095036,2E-10,-3.74214E-10,1.2E-15, 0.0335222307,4.20519E-13,56.776,,, 100,
83.63322,22.01446,184.55755,-5.78427,15,MAY,2001,52044,,0.015819, 60,29.82998044,1E-10,-3.74186E-10,2.8E-16, 0.0335233207,4.20515E-13,56.77,,, 100,
83.63322,22.01446,184.55755,-5.78427,15,JUN,2001,52075,,0.032851,120,29.82897828,3E-10,-3.74149E-10,1.39E-15, 0.0335244469,4.20501E-13,56.78,,, 100,17
83.63322,22.01446,184.55755,-5.78427,15,JUL,2001,52105,,0.016623,500,29.82800869,6E-10,-3.74224E-10,1.9E-15, 0.0335255367,4.20613E-13,56.783,,, 100,
83.63322,22.01446,184.55755,-5.78427,15,AUG,2001,52136,,0.040052,100,29.82700651,2E-10,-3.74156E-10,7.3E-16, 0.0335266632,4.20566E-13,56.774,,, 100,18
83.63322,22.01446,184.55755,-5.78427,15,SEP,2001,52167,,0.026646, 60,29.82600447,4E-10,-3.74131E-10,7.2E-16, 0.0335277895,4.20566E-13,56.763,,, 100,
83.63322,22.01446,184.55755,-5.78427,15,OCT,2001,52197,,0.066574,150,29.82503473,3E-10,-3.74113E-10,9.3E-16, 0.0335288796,4.20573E-13,56.765,,, 100,
83.63322,22.01446,184.55755,-5.78427,15,NOV,2001,52228,,0.060946,100,29.82403276,3E-10,-3.74079E-10,9.4E-16, 0.0335300061,4.20562E-13,56.777,,, 100,
83.63322,22.01446,184.55755,-5.78427,15,DEC,2001,52258,,0.083361,200,29.82306319,4E-10,-3.7405E-10,9.7E-16, 0.0335310962,4.20557E-13,56.783,,, 100,
83.63322,22.01446,184.55755,-5.78427,15,JAN,2002,52289,,0.090366,100,29.82206137,4E-10,-3.74018E-10,8.7E-16, 0.0335322226,4.20549E-13,56.793,,, 100,
83.63322,22.01446,184.55755,-5.78427,15,FEB,2002,52320,,0.068878, 40,29.82105965,8E-10,-3.73987E-10,2.7E-16, 0.0335333490,4.20543E-13,56.762,,, 100,
83.63322,22.01446,184.55755,-5.78427,15,MAR,2002,52348,,0.030817, 80,29.82015493,2E-10,-3.73961E-10,5E-16, 0.0335343664,4.20539E-13,56.769,,, 100,
83.63322,22.01446,184.55755,-5.78427,15,APR,2002,52379,,0.010814,150,29.81915332,3E-10,-3.73941E-10,9.5E-16, 0.0335354928,4.20545E-13,56.769,,, 100,
83.63322,22.01446,184.55755,-5.78427,15,MAY,2002,52409,,0.001545,270,29.8181841,2E-10,-3.73906E-10,5.4E-16, 0.0335365828,4.20533E-13,56.777,,, 100,
83.63322,22.01446,184.55755,-5.78427,15,JUN,2002,52440,,0.030329,100,29.81718266,2E-10,-3.73874E-10,4.9E-16, 0.0335377092,4.20525E-13,56.761,,, 100,
83.63322,22.01446,184.55755,-5.78427,15,JUL,2002,52470,,0.012148,150,29.8162136,2E-10,-3.73863E-10,4.1E-16, 0.0335387992,4.2054E-13,56.764,,, 100,
83.63322,22.01446,184.55755,-5.78427,15,AUG,2002,52501,,0.027142,1000,29.81521232,0.000000001,-3.73842E-10,2.61E-15, 0.0335399255,4.20545E-13,56.76,,, 100,19
83.63322,22.01446,184.55755,-5.78427,15,SEP,2002,52532,,0.002024,1000,29.81421104,1E-10,-3.7381E-10,3.5E-16, 0.0335410519,4.20537E-13,56.762,,, 100,
83.63322,22.01446,184.55755,-5.78427,15,OCT,2002,52562,,0.024215,200,29.81324216,3E-10,-3.73777E-10,8.7E-16, 0.0335421419,4.20527E-13,56.77,,, 100,
83.63322,22.01446,184.55755,-5.78427,15,NOV,2002,52593,,0.018591,300,29.8122411,4E-10,-3.73759E-10,1.2E-15, 0.0335432682,4.20535E-13,56.76,,, 100,20
83.63322,22.01446,184.55755,-5.78427,15,DEC,2002,52623,,0.038132,100,29.81127235,2E-10,-3.73736E-10,4E-16, 0.0335443583,4.20537E-13,56.765,,, 100,
83.63322,22.01446,184.55755,-5.78427,15,JAN,2003,52654,,0.059703,100,29.81027139,2E-10,-3.73698E-10,5.1E-16, 0.0335454846,4.20522E-13,56.77,,, 100,
83.63322,22.01446,184.55755,-5.78427,15,FEB,2003,52685,,0.076659,150,29.80927051,2E-10,-3.73661E-10,5.1E-16, 0.0335466109,4.20508E-13,56.77,,, 100,
83.63322,22.01446,184.55755,-5.78427,15,MAR,2003,52713,,0.015863,150,29.80836658,5E-10,-3.73632E-10,1.35E-15, 0.0335476282,4.20501E-13,56.77,Y,, 100,
83.63322,22.01446,184.55755,-5.78427,15,APR,2003,52744,,0.020428,100,29.80736585,3E-10,-3.73616E-10,6.8E-16, 0.0335487545,4.20512E-13,56.77,Y,, 100,
83.63322,22.01446,184.55755,-5.78427,15,MAY,2003,52774,,0.011824, 60,29.80639747,2E-10,-3.73591E-10,5E-16, 0.0335498445,4.20511E-13,56.77,Y,, 100,
83.63322,22.01446,184.55755,-5.78427,15,JUN,2003,52805,,0.012112, 70,29.80539689,1E-10,-3.73558E-10,3.9E-16, 0.0335509708,4.20502E-13,56.769,,, 100,
83.63322,22.01446,184.55755,-5.78427,15,JLY,2003,52835,,0.015805,150,29.80442865,1E-10,-3.73538E-10,4E-16, 0.0335520607,4.20507E-13,56.765,,, 100,
83.63322,22.01446,184.55755,-5.78427,15,AUG,2003,52866,,0.018825,200,29.80342823,2E-10,-3.73502E-10,4.9E-16, 0.0335531870,4.20495E-13,56.76,,, 100,
83.63322,22.01446,184.55755,-5.78427,15,SEP,2003,52897,,0.002531, 90,29.80242787,1E-10,-3.73485E-10,3E-16, 0.0335543132,4.20503E-13,56.76,,, 100,
83.63322,22.01446,184.55755,-5.78427,15,OCT,2003,52927,,0.019997, 70,29.80145987,1E-10,-3.73441E-10,1.8E-16, 0.0335554031,4.20481E-13,56.757,,, 100,
83.63322,22.01446,184.55755,-5.78427,15,NOV,2003,52958,,0.031958, 80,29.80045968,1E-10,-3.73416E-10,2.7E-16, 0.0335565294,4.20482E-13,56.757,,, 100,
83.63322,22.01446,184.55755,-5.78427,15,DEC,2003,52988,,0.027649,150,29.79949182,2E-10,-3.73381E-10,5E-16, 0.0335576192,4.20469E-13,56.758,,, 100,
83.63322,22.01446,184.55755,-5.78427,15,JAN,2004,53019,,0.006278,190,29.79849178,2E-10,-3.73364E-10,4.6E-16, 0.0335587454,4.20479E-13,56.749,,, 100,
83.63322,22.01446,184.55755,-5.78427,15,FEB,2004,53050,,0.032628,100,29.79749181,2E-10,-3.73335E-10,4.5E-16, 0.0335598716,4.20474E-13,56.753,,, 100,
83.63322,22.01446,184.55755,-5.78427, 7,MAR,2004,53071,,0.010486,200,29.79682007,3.6E-09,-3.75351E-10,4.69E-14, 0.0335606282,4.22764E-13,56.752,,, 100,21
83.63322,22.01446,184.55755,-5.78427,15,MAR,2004,53079,,0.032525,170,29.79656062,1.3E-09,-3.751E-10,1.112E-14, 0.0335609204,4.22488E-13,56.751,,, 100,
83.63322,22.01446,184.55755,-5.78427,26,MAR,2004,53090,,0.003209,190,29.79620439,1.3E-09,-3.74519E-10,9.71E-15, 0.0335613217,4.21844E-13,56.749,,, 100,
83.63322,22.01446,184.55755,-5.78427, 5,APR,2004,53100,,0.008622, 80,29.79588095,9E-10,-3.74141E-10,8.27E-15, 0.0335616860,4.21427E-13,56.75,,, 100,22
83.63322,22.01446,184.55755,-5.78427,15,APR,2004,53110,,0.024904,100,29.79555779,9E-10,-3.73928E-10,8.08E-15, 0.0335620500,4.21196E-13,56.746,,, 100,
83.63322,22.01446,184.55755,-5.78427,25,APR,2004,53120,,0.011945, 60,29.79523481,5E-10,-3.73709E-10,4.1E-15, 0.0335624138,4.20959E-13,56.75,,, 100,
83.63322,22.01446,184.55755,-5.78427, 8,MAY,2004,53133,,0.0034, 30,29.79481512,8.5E-09,-3.73586E-10,2.85E-15, 0.0335628866,4.20832E-13,56.75,Y,, 100,
83.63322,22.01446,184.55755,-5.78427,22,MAY,2004,53147,,0.007258, 70,29.7943633,4E-10,-3.73514E-10,1.49E-15, 0.0335633955,4.20764E-13,56.744,,, 100,
83.63322,22.01446,184.55755,-5.78427,15,JUN,2004,53171,,0.01518,100,29.79358886,2E-10,-3.73442E-10,7E-16, 0.0335642680,4.20705E-13,56.75,,, 100,
83.63322,22.01446,184.55755,-5.78427,15,JLY,2004,53201,,0.052817, 80,29.79262095,1E-10,-3.73399E-10,3E-16, 0.0335653584,4.20684E-13,56.74,,, 100,
83.63322,22.01446,184.55755,-5.78427,15,AUG,2004,53232,,0.065124,150,29.79162088,2E-10,-3.73361E-10,6.3E-16, 0.0335664852,4.20669E-13,56.742,,, 100,
83.63322,22.01446,184.55755,-5.78427,15,SEP,2004,53263,,0.021234,200,29.79062103,3E-10,-3.7334E-10,6.2E-16, 0.0335676117,4.20674E-13,56.742,Y,, 100,23
83.63322,22.01446,184.55755,-5.78427,15,OCT,2004,53293,,0.101225,130,29.78965339,1E-10,-3.73297E-10,1.3E-16, 0.0335687021,4.20653E-13,56.743,,, 100,
83.63322,22.01446,184.55755,-5.78427,15,NOV,2004,53324,,0.111532,300,29.78865359,4E-10,-3.73261E-10,1.27E-15, 0.0335698288,4.2064E-13,56.743,Y,, 100,24
83.63322,22.01446,184.55755,-5.78427,15,DEC,2004,53354,,0.137112, 90,29.78768611,1E-10,-3.73237E-10,3.5E-16, 0.0335709191,4.2064E-13,56.743,Y,, 100,
83.63322,22.01446,184.55755,-5.78427,15,JAN,2005,53385,,0.011173,110,29.78668648,3E-10,-3.732E-10,6.6E-16, 0.0335720457,4.20627E-13,56.743,Y,, 100,
83.63322,22.01446,184.55755,-5.78427,15,FEB,2005,53416,,0.162974,130,29.78568695,1E-10,-3.73173E-10,3.7E-16, 0.0335731723,4.20625E-13,56.738,,, 100,
83.63322,22.01446,184.55755,-5.78427,15,MAR,2005,53444,,0.033023,100,29.78478418,1E-10,-3.73158E-10,2.3E-16, 0.0335741899,4.20633E-13,56.736,,, 100,
83.63322,22.01446,184.55755,-5.78427,15,APR,2005,53475,,0.183287,110,29.78378479,1E-10,-3.73107E-10,2.4E-16, 0.0335753165,4.20604E-13,56.734,,, 100,
83.63322,22.01446,184.55755,-5.78427,15,MAY,2005,53505,,0.222891, 80,29.7828177,1E-10,-3.73098E-10,2E-16, 0.0335764067,4.20621E-13,56.734,,, 100,
83.63322,22.01446,184.55755,-5.78427,15,JUN,2005,53536,,0.031611,200,29.78181845,2E-10,-3.73045E-10,7.1E-16, 0.0335775333,4.2059E-13,56.741,,, 100,
83.63322,22.01446,184.55755,-5.78427,15,JLY,2005,53566,,0.021378,110,29.78085154,1E-10,-3.73039E-10,3.2E-16, 0.0335786235,4.2061E-13,56.738,,, 100,
83.63322,22.01446,184.55755,-5.78427,15,AUG,2005,53597,,0.029626, 90,29.77985245,1E-10,-3.72992E-10,2.5E-16, 0.0335797500,4.20586E-13,56.738,,, 100,
83.63322,22.01446,184.55755,-5.78427,15,SEP,2005,53628,,0.031767,140,29.77885345,1E-10,-3.72972E-10,2.5E-16, 0.0335808765,4.20591E-13,56.742,,, 100,
83.63322,22.01446,184.55755,-5.78427,15,OCT,2005,53658,,0.022656, 90,29.77788674,1E-10,-3.7294E-10,3E-16, 0.0335819667,4.20583E-13,56.741,,, 100,
83.63322,22.01446,184.55755,-5.78427,15,NOV,2005,53689,,0.016803, 90,29.77688788,1E-10,-3.72925E-10,2.2E-16, 0.0335830932,4.20593E-13,56.743,,, 100,
83.63322,22.01446,184.55755,-5.78427,15,DEC,2005,53719,,0.026788,100,29.77592131,1E-10,-3.72887E-10,2.5E-16, 0.0335841833,4.20578E-13,56.749,,, 100,
83.63322,22.01446,184.55755,-5.78427,15,JAN,2006,53750,,0.020341, 50,29.77492263,1E-10,-3.72855E-10,2.2E-16, 0.0335853098,4.2057E-13,56.751,,, 100,
83.63322,22.01446,184.55755,-5.78427,15,FEB,2006,53781,,0.00652,140,29.77392401,1E-10,-3.72824E-10,4.1E-16, 0.0335864362,4.20563E-13,56.753,,, 100,
83.63322,22.01446,184.55755,-5.78427,15,MAR,2006,53809,,0.005391,190,29.77302213,2E-10,-3.72782E-10,4.3E-16, 0.0335874536,4.20541E-13,56.749,,, 100,
83.63322,22.01446,184.55755,-5.78427,15,APR,2006,53840,,0.027602,110,29.77202367,2E-10,-3.72768E-10,6.4E-16, 0.0335885800,4.20554E-13,56.745,,, 100,
83.63322,22.01446,184.55755,-5.78427,15,MAY,2006,53870,,0.021066,130,29.77105751,1E-10,-3.72742E-10,3.1E-16, 0.0335896701,4.20552E-13,56.745,,, 100,
83.63322,22.01446,184.55755,-5.78427,15,JUN,2006,53901,,0.004464,110,29.77005922,1E-10,-3.72701E-10,3.9E-16, 0.0335907965,4.20534E-13,56.747,,, 100,
83.63322,22.01446,184.55755,-5.78427,15,JLY,2006,53931,,0.020193,160,29.76909321,1E-10,-3.72675E-10,3.5E-16, 0.0335918865,4.20532E-13,56.751,,, 100,
83.63322,22.01446,184.55755,-5.78427,15,AUG,2006,53962,,0.002103, 40,29.76809508,1E-10,-3.72644E-10,3.7E-16, 0.0335930128,4.20525E-13,56.754,,, 100,25
83.63322,22.01446,184.55755,-5.78427,15,SEP,2006,53993,,0.011812,120,29.76709714,1E-10,-3.72648E-10,3.8E-16, 0.0335941390,4.20558E-13,56.754,,, 100,
83.63322,22.01446,184.55755,-5.78427,15,OCT,2006,54023,,0.010504,100,29.76613131,1E-10,-3.72602E-10,2.7E-16, 0.0335952291,4.20533E-13,56.765,,, 100,
83.63322,22.01446,184.55755,-5.78427,15,NOV,2006,54054,,0.022375, 80,29.76513338,1E-10,-3.7257E-10,2.1E-16, 0.0335963554,4.20525E-13,56.773,,, 100,
83.63322,22.01446,184.55755,-5.78427,15,DEC,2006,54084,,0.016572,150,29.76416769,2E-10,-3.72543E-10,5.1E-16, 0.0335974454,4.20523E-13,56.773,,, 100,
83.63322,22.01446,184.55755,-5.78427,15,JAN,2007,54115,,0.033009, 70,29.76316992,1E-10,-3.72512E-10,2.2E-16, 0.0335985717,4.20516E-13,56.769,,, 100,
83.63322,22.01446,184.55755,-5.78427,15,FEB,2007,54146,,0.026449,100,29.76217224,2E-10,-3.72475E-10,4.8E-16, 0.0335996980,4.20502E-13,56.759,,, 100,
83.63322,22.01446,184.55755,-5.78427,15,MAR,2007,54174,,0.020652,120,29.7612712,2E-10,-3.72456E-10,4.2E-16, 0.0336007153,4.20506E-13,56.758,,, 100,
83.63322,22.01446,184.55755,-5.78427,15,APR,2007,54205,,0.025473,160,29.76027366,2E-10,-3.72429E-10,4.5E-16, 0.0336018415,4.20503E-13,56.759,,, 100,
83.63322,22.01446,184.55755,-5.78427,15,MAY,2007,54235,,0.014843, 90,29.75930839,1E-10,-3.72385E-10,2.3E-16, 0.0336029315,4.20481E-13,56.7556,,, 100,
83.63322,22.01446,184.55755,-5.78427,15,JUN,2007,54266,,0.018057,160,29.75831102,2E-10,-3.72356E-10,5.4E-16, 0.0336040577,4.20477E-13,56.7574,,, 100,
83.63322,22.01446,184.55755,-5.78427,15,JLY,2007,54296,,0.006286, 80,29.7573459,1E-10,-3.72328E-10,2.2E-16, 0.0336051476,4.20472E-13,56.7586,,, 100,
83.63322,22.01446,184.55755,-5.78427,15,AUG,2007,54327,,0.013109,140,29.75634871,2E-10,-3.72284E-10,4.4E-16, 0.0336062737,4.2045E-13,56.763,,, 100,
83.63322,22.01446,184.55755,-5.78427,15,SEP,2007,54358,,0.010645, 80,29.75535162,1E-10,-3.72254E-10,3E-16, 0.0336073999,4.20445E-13,56.7656,,, 100,
83.63322,22.01446,184.55755,-5.78427,15,OCT,2007,54388,,0.012919,160,29.75438675,2E-10,-3.72242E-10,4.4E-16, 0.0336084897,4.20459E-13,56.7658,,, 100,
83.63322,22.01446,184.55755,-5.78427,15,NOV,2007,54419,,0.001731,100,29.7533898,2E-10,-3.72196E-10,4.3E-16, 0.0336096158,4.20435E-13,56.7665,,, 100,
83.63322,22.01446,184.55755,-5.78427,15,DEC,2007,54449,,0.03224,120,29.75242509,1E-10,-3.72172E-10,3.2E-16, 0.0336107056,4.20435E-13,56.7649,,, 100,
83.63322,22.01446,184.55755,-5.78427,15,JAN,2008,54480,,0.016452,110,29.75142832,1E-10,-3.72138E-10,3.6E-16, 0.0336118316,4.20425E-13,56.7629,,, 100,
83.63322,22.01446,184.55755,-5.78427,15,FEB,2008,54511,,0.023052, 60,29.75043161,1E-10,-3.72104E-10,2.2E-16, 0.0336129577,4.20415E-13,56.7616,,, 100,
83.63322,22.01446,184.55755,-5.78427,15,MAR,2008,54540,,0.008472,110,29.7494993,2E-10,-3.7207E-10,4E-16, 0.0336140111,4.20402E-13,56.7632,,, 100,
83.63322,22.01446,184.55755,-5.78427,15,APR,2008,54571,,0.029462, 80,29.74850277,2E-10,-3.72057E-10,5.3E-16, 0.0336151371,4.20416E-13,56.7671,,, 100,26
83.63322,22.01446,184.55755,-5.78427,15,MAY,2008,54601,,0.011257,180,29.74753851,2E-10,-3.72028E-10,5.2E-16, 0.0336162268,4.2041E-13,56.7746,,, 100,
83.63322,22.01446,184.55755,-5.78427,15,JUN,2008,54632,,0.01949, 80,29.74654212,1E-10,-3.71991E-10,3.2E-16, 0.0336173528,4.20396E-13,56.7723,,, 100,
83.63322,22.01446,184.55755,-5.78427,15,JLY,2008,54662,,0.032325,100,29.74557797,1E-10,-3.71959E-10,4.1E-16, 0.0336184424,4.20388E-13,56.7764,,, 100,
83.63322,22.01446,184.55755,-5.78427,15,AUG,2008,54693,,0.002627,100,29.74458175,1E-10,-3.71942E-10,3.3E-16, 0.0336195684,4.20397E-13,56.7804,,, 100,
83.63322,22.01446,184.55755,-5.78427,15,SEP,2008,54724,,0.013181,120,29.7435856,1E-10,-3.71897E-10,4E-16, 0.0336206943,4.20374E-13,56.7822,,, 100,
83.63322,22.01446,184.55755,-5.78427,15,OCT,2008,54754,,0.025508, 60,29.74262169,1E-10,-3.71865E-10,2E-16, 0.0336217839,4.20366E-13,56.7842,,, 100,
83.63322,22.01446,184.55755,-5.78427,15,NOV,2008,54785,,0.021232,140,29.74162572,2E-10,-3.71846E-10,5.1E-16, 0.0336229098,4.20372E-13,56.7862,,, 100,
83.63322,22.01446,184.55755,-5.78427,15,DEC,2008,54815,,0.027366, 80,29.74066197,1E-10,-3.71794E-10,2.7E-16, 0.0336239994,4.2034E-13,56.7883,,, 100,
83.63322,22.01446,184.55755,-5.78427,15,JAN,2009,54846,,0.012614, 90,29.73966617,1E-10,-3.71785E-10,3.4E-16, 0.0336251253,4.20358E-13,56.7914,,, 100,
83.63322,22.01446,184.55755,-5.78427,15,FEB,2009,54877,,0.000804, 90,29.73867044,1E-10,-3.71736E-10,3.6E-16, 0.0336262511,4.20331E-13,56.7962,,, 100,
83.63322,22.01446,184.55755,-5.78427,15,MAR,2009,54905,,0.008639,140,29.73777118,1E-10,-3.71709E-10,3.3E-16, 0.0336272680,4.20326E-13,56.794,,, 100,
83.63322,22.01446,184.55755,-5.78427,15,APR,2009,54936,,0.005942, 90,29.73677564,1E-10,-3.71688E-10,3.1E-16, 0.0336283938,4.2033E-13,56.795,,, 100,
83.63322,22.01446,184.55755,-5.78427,15,MAY,2009,54966,,0.009801,100,29.73581225,1E-10,-3.71655E-10,3.9E-16, 0.0336294832,4.20321E-13,56.7973,,, 100,
83.63322,22.01446,184.55755,-5.78427,15,JUN,2009,54997,,0.027467, 70,29.73481686,2E-10,-3.7162E-10,4.9E-16, 0.0336306090,4.20309E-13,56.7973,Y,, 100,
83.63322,22.01446,184.55755,-5.78427,15,JLY,2009,55027,,0.027579, 90,29.73385367,1E-10,-3.71595E-10,2.9E-16, 0.0336316984,4.20308E-13,56.7999,,, 100,
83.63322,22.01446,184.55755,-5.78427,15,AUG,2009,55058,,0.03304,120,29.73285844,2E-10,-3.71555E-10,4.7E-16, 0.0336328242,4.2029E-13,56.8006,,, 100,
83.63322,22.01446,184.55755,-5.78427,15,SEP,2009,55089,,0.021689,100,29.73186329,1E-10,-3.71533E-10,3.5E-16, 0.0336339499,4.20294E-13,56.8005,,, 100,
83.63322,22.01446,184.55755,-5.78427,15,OCT,2009,55119,,0.000256, 90,29.73090033,1E-10,-3.71509E-10,2.8E-16, 0.0336350393,4.20294E-13,56.8109,,, 100,
83.63322,22.01446,184.55755,-5.78427,15,NOV,2009,55150,,0.003663,200,29.72990532,2E-10,-3.71469E-10,6.1E-16, 0.0336361650,4.20277E-13,56.8229,,, 100,
83.63322,22.01446,184.55755,-5.78427,15,DEC,2009,55180,,0.01147,200,29.72894251,2E-10,-3.71436E-10,5.1E-16, 0.0336372543,4.20267E-13,56.8279,,, 100,
83.63322,22.01446,184.55755,-5.78427,15,JAN,2010,55211,,0.000187, 90,29.7279477,2E-10,-3.71401E-10,5.2E-16, 0.0336383800,4.20256E-13,56.8091,,, 100,
83.63322,22.01446,184.55755,-5.78427,15,FEB,2010,55242,,0.001048,170,29.72695298,5E-10,-3.71371E-10,1.05E-15, 0.0336395056,4.20249E-13,56.8053,,, 100,
83.63322,22.01446,184.55755,-5.78427,15,MAR,2010,55270,,0.001824,180,29.72605461,3E-10,-3.71343E-10,7.2E-16, 0.0336405222,4.20243E-13,56.8622,,, 100,
83.63322,22.01446,184.55755,-5.78427,15,APR,2010,55301,,0.010708,410,29.72506007,7E-10,-3.7132E-10,2.14E-15, 0.0336416477,4.20245E-13,56.8228,,, 100,
83.63322,22.01446,184.55755,-5.78427,15,MAY,2010,55331,,0.032307,100,29.72409764,2E-10,-3.71289E-10,4.1E-16, 0.0336427370,4.20237E-13,56.8022,,, 100,
83.63322,22.01446,184.55755,-5.78427,15,JUN,2010,55362,,0.018649,100,29.72310325,3E-10,-3.71245E-10,8.8E-16, 0.0336438625,4.20216E-13,56.806,,, 100,
83.63322,22.01446,184.55755,-5.78427,15,JLY,2010,55392,,0.000062, 90,29.72214102,1E-10,-3.71219E-10,3.2E-16, 0.0336449517,4.20214E-13,56.7988,,, 100,
83.63322,22.01446,184.55755,-5.78427,15,AUG,2010,55423,,0.000315,200,29.72114678,2E-10,-3.71178E-10,6.5E-16, 0.0336460772,4.20196E-13,56.7962,,, 100,
83.63322,22.01446,184.55755,-5.78427,15,SEP,2010,55454,,0.028684,120,29.72015263,1E-10,-3.71171E-10,3.5E-16, 0.0336472027,4.20215E-13,56.7942,,, 100,
83.63322,22.01446,184.55755,-5.78427,15,OCT,2010,55484,,0.001586,160,29.71919061,2E-10,-3.71124E-10,5.6E-16, 0.0336482919,4.2019E-13,56.7896,,, 100,
83.63322,22.01446,184.55755,-5.78427,15,NOV,2010,55515,,0.002211,140,29.71819663,2E-10,-3.71097E-10,5.2E-16, 0.0336494173,4.20187E-13,56.8065,,, 100,
83.63322,22.01446,184.55755,-5.78427,15,DEC,2010,55545,,0.033612,160,29.71723477,2E-10,-3.71061E-10,5.8E-16, 0.0336505064,4.20173E-13,56.7964,,, 100,
83.63322,22.01446,184.55755,-5.78427,15,JAN,2011,55576,,0.01027,140,29.71624096,2E-10,-3.71035E-10,5.2E-16, 0.0336516318,4.20172E-13,56.8083,,, 100,
83.63322,22.01446,184.55755,-5.78427,15,FEB,2011,55607,,0.011345,160,29.71524723,2E-10,-3.71003E-10,7.2E-16, 0.0336527572,4.20163E-13,56.8169,,, 100,
83.63322,22.01446,184.55755,-5.78427,15,MAR,2011,55635,,0.029,190,29.71434973,3E-10,-3.70976E-10,7.4E-16, 0.0336537736,4.20159E-13,56.8217,,, 100,
83.63322,22.01446,184.55755,-5.78427,15,APR,2011,55666,,0.004725,110,29.71335617,1E-10,-3.7093E-10,3.8E-16, 0.0336548990,4.20135E-13,56.829,,, 100,
83.63322,22.01446,184.55755,-5.78427,15,MAY,2011,55696,,0.03329,150,29.71239473,2E-10,-3.70923E-10,4.6E-16, 0.0336559880,4.20154E-13,56.804,,, 100,
83.63322,22.01446,184.55755,-5.78427,15,JUN,2011,55727,,0.012294,130,29.71140131,5E-10,-3.70872E-10,8.7E-16, 0.0336571133,4.20124E-13,56.8169,,, 100,
83.63322,22.01446,184.55755,-5.78427,15,JLY,2011,55757,,0.033329,100,29.71044004,3E-10,-3.70844E-10,4.9E-16, 0.0336582023,4.20119E-13,56.7979,,, 100,
83.63322,22.01446,184.55755,-5.78427,15,AUG,2011,55788,,0.017777,160,29.70944681,2E-10,-3.70815E-10,4.2E-16, 0.0336593275,4.20115E-13,56.802,,, 100,
83.63322,22.01446,184.55755,-5.78427,10,SEP,2011,55814,,0.027003,130,29.70861385,3E-10,-3.70782E-10,1.69E-15, 0.0336602712,4.20101E-13,56.8288,,, 100,27
83.63322,22.01446,184.55755,-5.78427,26,SEP,2011,55830,,0.010193,160,29.70810131,9E-10,-3.70798E-10,3.33E-15, 0.0336608520,4.20134E-13,56.797,,, 100,
83.63322,22.01446,184.55755,-5.78427,15,OCT,2011,55849,,0.026898,100,29.70749264,1E-10,-3.70763E-10,2.3E-16, 0.0336615416,4.20111E-13,56.8012,,, 100,
83.63322,22.01446,184.55755,-5.78427, 5,NOV,2011,55870,,0.014131,190,29.70681995,6E-10,-3.70744E-10,5.59E-15, 0.0336623039,4.20109E-13,56.80389,,, 100,28
83.63322,22.01446,184.55755,-5.78427,13,NOV,2011,55878,,0.024702,210,29.70656506,3E-10,-3.71354E-10,2.83E-14, 0.0336625927,4.20807E-13,56.80448,,, 100,
83.63322,22.01446,184.55755,-5.78427,24,NOV,2011,55889,,0.001199,220,29.70621212,9E-10,-3.71202E-10,6.6E-15, 0.0336629926,4.20645E-13,56.80608,,, 100,
83.63322,22.01446,184.55755,-5.78427,15,DEC,2011,55910,,0.016894,430,29.70553903,7E-10,-3.70843E-10,1.06E-15, 0.0336637554,4.20258E-13,56.79958,,-0.41936, 100,29
83.63322,22.01446,184.55755,-5.78427,15,JAN,2012,55941,,0.028576,170,29.70454589,3E-10,-3.70746E-10,4.2E-16, 0.0336648809,4.20176E-13,56.77553,,0.03458, 100,
83.63322,22.01446,184.55755,-5.78427,15,FEB,2012,55972,,0.031576,100,29.70355292,1E-10,-3.70724E-10,2.4E-16, 0.0336660063,4.20179E-13,56.79513,,0.35886, 100,
83.63322,22.01446,184.55755,-5.78427,15,MAR,2012,56001,,0.014454,100,29.70262407,2E-10,-3.70691E-10,3.1E-16, 0.0336670591,4.20167E-13,56.79657,,-0.12943, 100,
83.63322,22.01446,184.55755,-5.78427,15,APR,2012,56032,,0.02441, 80,29.70163125,2E-10,-3.70663E-10,2.3E-16, 0.0336681845,4.20164E-13,56.79126,,-0.1224, 100,
83.63322,22.01446,184.55755,-5.78427,15,MAY,2012,56062,,0.021703, 60,29.70067052,1E-10,-3.70634E-10,1.5E-16, 0.0336692735,4.20158E-13,56.79243,,-0.10685, 100,
83.63322,22.01446,184.55755,-5.78427,15,JUN,2012,56093,,0.003467,120,29.69967787,4E-10,-3.70595E-10,7.2E-16, 0.0336703989,4.20142E-13,56.79866,,0.11587, 100,
83.63322,22.01446,184.55755,-5.78427,15,JLY,2012,56123,,0.032457,140,29.69871733,3E-10,-3.70547E-10,6.8E-16, 0.0336714879,4.20115E-13,56.80452,,-0.04747, 100,
83.63322,22.01446,184.55755,-5.78427,15,AUG,2012,56154,,0.019962,190,29.69772486,3E-10,-3.70532E-10,4.9E-16, 0.0336726131,4.20126E-13,56.81211,,0.15579, 100,
83.63322,22.01446,184.55755,-5.78427,15,SEP,2012,56185,,0.012978,200,29.69673244,5E-10,-3.70521E-10,7.6E-16, 0.0336737384,4.20141E-13,56.79904,,0.01963, 100,
83.63322,22.01446,184.55755,-5.78427,15,OCT,2012,56215,,0.018797, 90,29.69577207,2E-10,-3.70495E-10,5.2E-16, 0.0336748274,4.20139E-13,56.799,Y,0.01963, 100,
83.63322,22.01446,184.55755,-5.78427,15,NOV,2012,56246,,0.017239,200,29.6947798,1.3E-09,-3.70438E-10,1.05E-15, 0.0336759527,4.20103E-13,56.8416,,0.35815, 100,
83.63322,22.01446,184.55755,-5.78427,15,DEC,2012,56276,,0.02195,190,29.69381963,3E-10,-3.7043E-10,7.3E-16, 0.0336770416,4.20121E-13,56.8554,,-0.27529, 100,
83.63322,22.01446,184.55755,-5.78427,15,JAN,2013,56307,,0.027855,100,29.69282751,2E-10,-3.70403E-10,3.5E-16, 0.0336781669,4.20119E-13,56.8396,,0.26402, 100,
83.63322,22.01446,184.55755,-5.78427,15,FEB,2013,56338,,0.006233,130,29.69183547,3E-10,-3.70369E-10,4.9E-16, 0.0336792921,4.20108E-13,56.8238,,-0.64139, 100,
83.63322,22.01446,184.55755,-5.78427,15,MAR,2013,56366,,0.018945,100,29.69093952,1E-10,-3.70343E-10,2.3E-16, 0.0336803084,4.20103E-13,56.7899,,-0.11405, 100,
83.63322,22.01446,184.55755,-5.78427,15,APR,2013,56397,,0.01717,120,29.68994763,2E-10,-3.70312E-10,4.8E-16, 0.0336814336,4.20097E-13,56.7837,,0.15996, 100,
83.63322,22.01446,184.55755,-5.78427,15,MAY,2013,56427,,0.006031,120,29.68898784,2E-10,-3.70264E-10,3.8E-16, 0.0336825225,4.20069E-13,56.7935,,-0.08038, 100,
83.63322,22.01446,184.55755,-5.78427,15,JUN,2013,56458,,0.008063, 80,29.68799614,1E-10,-3.70252E-10,2.8E-16, 0.0336836476,4.20083E-13,56.7686,,-0.24621, 100,
83.63322,22.01446,184.55755,-5.78427,15,JLY,2013,56488,,0.032299, 90,29.6870365,2E-10,-3.70216E-10,3.4E-16, 0.0336847364,4.2007E-13,56.7604,,0.03925, 100,
83.63322,22.01446,184.55755,-5.78427,15,AUG,2013,56519,,0.010752,125,29.68604493,2E-10,-3.70188E-10,3.9E-16, 0.0336858616,4.20067E-13,56.7608,,0.00276, 100,
83.63322,22.01446,184.55755,-5.78427,15,SEP,2013,56550,,0.012947,150,29.68505345,2E-10,-3.70154E-10,4.2E-16, 0.0336869867,4.20055E-13,56.7679,,0.2124, 100,
83.63322,22.01446,184.55755,-5.78427,15,OCT,2013,56580,,0.008588, 90,29.68409403,8E-10,-3.70136E-10,1.02E-15, 0.0336880755,4.20062E-13,56.7738,,-0.44642, 100,
83.63322,22.01446,184.55755,-5.78427,15,NOV,2013,56611,,0.012788,100,29.68310273,1E-10,-3.7009E-10,2.7E-16, 0.0336892005,4.20038E-13,56.7853,,0.32505, 100,
83.63322,22.01446,184.55755,-5.78427,15,DEC,2013,56641,,0.010559,120,29.68214347,2E-10,-3.70068E-10,2.4E-16, 0.0336902893,4.2004E-13,56.8015,,-0.29505, 100,
83.63322,22.01446,184.55755,-5.78427,15,JAN,2014,56672,,0.020123,130,29.68115234,3E-10,-3.70026E-10,4.2E-16, 0.0336914143,4.2002E-13,56.7932,,-0.12795, 100,
83.63322,22.01446,184.55755,-5.78427,15,FEB,2014,56703,,0.013703,170,29.68016129,4E-10,-3.70008E-10,5.6E-16, 0.0336925393,4.20028E-13,56.7713,,-0.28095, 100,
83.63322,22.01446,184.55755,-5.78427,15,MAR,2014,56731,,0.030866, 80,29.67926622,3E-10,-3.6998E-10,2.4E-16, 0.0336935554,4.20022E-13,56.7651,,0.07621, 100,
83.63322,22.01446,184.55755,-5.78427,15,APR,2014,56762,,0.010926,120,29.67827532,3E-10,-3.69943E-10,5.1E-16, 0.0336946803,4.20008E-13,56.7678,,0.13631, 100,
83.63322,22.01446,184.55755,-5.78427,15,MAY,2014,56792,,0.013222,120,29.67731647,1.1E-09,-3.69913E-10,5E-16, 0.0336957690,4.20001E-13,56.7649,,-0.4787, 100,
83.63322,22.01446,184.55755,-5.78427,15,JUN,2014,56823,,0.02628,100,29.67632572,4E-10,-3.69881E-10,4.2E-16, 0.0336968939,4.19993E-13,56.7603,,-0.09541, 100,
83.63322,22.01446,184.55755,-5.78427,15,JLY,2014,56853,,0.033133, 40,29.67536703,2E-10,-3.69844E-10,3.8E-16, 0.0336979825,4.19978E-13,56.7632,,0.01911, 100,
83.63322,22.01446,184.55755,-5.78427,15,AUG,2014,56884,,0.016779,100,29.67437647,3E-10,-3.69826E-10,3.1E-16, 0.0336991074,4.19986E-13,56.7689,,0.0868, 100,
83.63322,22.01446,184.55755,-5.78427,15,SEP,2014,56915,,0.036037,120,29.67338598,4E-10,-3.69771E-10,5.7E-16, 0.0337002323,4.19951E-13,56.7723,,0.03472, 100,
83.63322,22.01446,184.55755,-5.78427,15,OCT,2014,56945,,0.025088,140,29.67242754,4E-10,-3.69774E-10,4.7E-16, 0.0337013208,4.19982E-13,56.7762,,0.05906, 100,
83.63322,22.01446,184.55755,-5.78427,15,NOV,2014,56976,,0.037619, 80,29.6714372,2E-10,-3.6973E-10,2.1E-16, 0.0337024457,4.1996E-13,56.7759,,-0.04506, 100,
83.63322,22.01446,184.55755,-5.78427,15,DEC,2014,57006,,0.029487, 90,29.67047889,3E-10,-3.69702E-10,3.6E-16, 0.0337035342,4.19954E-13,56.776,,-0.1538, 100,
83.63322,22.01446,184.55755,-5.78427,15,JAN,2015,57037,,0.00793,100,29.66948875,3E-10,-3.69666E-10,3.3E-16, 0.0337046590,4.19942E-13,56.7716,,0.05049, 100,
83.63322,22.01446,184.55755,-5.78427,15,FEB,2015,57068,,0.016395,100,29.66849869,3E-10,-3.69637E-10,3.5E-16, 0.0337057837,4.19937E-13,56.7773,,0.14642, 100,
83.63322,22.01446,184.55755,-5.78427,15,MAR,2015,57096,,0.002581,130,29.66760451,0.000000001,-3.69603E-10,5.5E-16, 0.0337067996,4.19923E-13,56.7796,,0.04487, 100,
83.63322,22.01446,184.55755,-5.78427,15,APR,2015,57127,,0.028738,100,29.66661461,4E-10,-3.69572E-10,4.4E-16, 0.0337079243,4.19916E-13,56.7805,,0.00505, 100,
83.63322,22.01446,184.55755,-5.78427,15,MAY,2015,57157,,0.007241,110,29.66565674,3E-10,-3.69535E-10,3.9E-16, 0.0337090127,4.19901E-13,56.7855,,-0.04847, 100,
83.63322,22.01446,184.55755,-5.78427,15,JUN,2015,57188,,0.02204,110,29.66466702,8E-10,-3.69511E-10,5.9E-16, 0.0337101374,4.19903E-13,56.7841,,-0.29871, 100,
83.63322,22.01446,184.55755,-5.78427,15,JLY,2015,57218,,0.032503,140,29.6637093,4E-10,-3.69474E-10,4.3E-16, 0.0337112257,4.19887E-13,56.7727,,0.02856, 100,
83.63322,22.01446,184.55755,-5.78427,15,AUG,2015,57249,,0.006958, 80,29.66271974,2E-10,-3.69438E-10,2.2E-16, 0.0337123503,4.19875E-13,56.7799,,0.03339, 100,
83.63322,22.01446,184.55755,-5.78427,15,SEP,2015,57280,,0.025424, 90,29.66173027,5E-10,-3.69416E-10,4.2E-16, 0.0337134749,4.19878E-13,56.7875,,-0.23381, 100,
83.63322,22.01446,184.55755,-5.78427,15,OCT,2015,57310,,0.026759, 90,29.6607728,2E-10,-3.69377E-10,2.5E-16, 0.0337145632,4.19861E-13,56.7957,,-0.24323, 100,
83.63322,22.01446,184.55755,-5.78427,15,NOV,2015,57341,,0.027488, 60,29.65978351,0.000000001,-3.69339E-10,2E-16, 0.0337156878,4.19845E-13,56.7839,,-0.14164, 100,
83.63322,22.01446,184.55755,-5.78427,15,DEC,2015,57371,,0.020647,140,29.65882622,3E-10,-3.69305E-10,4.1E-16, 0.0337167760,4.19834E-13,56.8125,,-0.36819, 100,
83.63322,22.01446,184.55755,-5.78427,15,JAN,2016,57402,,0.003132,160,29.65783711,2E-10,-3.69278E-10,3.6E-16, 0.0337179005,4.19831E-13,56.7779,,-0.47011, 100,
83.63322,22.01446,184.55755,-5.78427,15,FEB,2016,57433,,0.024663, 70,29.65684806,3E-10,-3.69252E-10,2.8E-16, 0.0337190250,4.1983E-13,56.7629,,-0.014, 100,
83.63322,22.01446,184.55755,-5.78427,15,MAR,2016,57462,,0.010107,140,29.65592289,3E-10,-3.69219E-10,4.6E-16, 0.0337200769,4.19818E-13,56.786,,0.09694, 100,
83.63322,22.01446,184.55755,-5.78427,15,APR,2016,57493,,0.026182,130,29.654934,3E-10,-3.6919E-10,5.1E-16, 0.0337212013,4.19813E-13,56.7654,,0.07902, 100,
83.63322,22.01446,184.55755,-5.78427,15,MAY,2016,57523,,0.000629, 90,29.65397709,1E-10,-3.69164E-10,1.9E-16, 0.0337222895,4.19811E-13,56.7657,,0.08695, 100,
83.63322,22.01446,184.55755,-5.78427,15,JUN,2016,57554,,0.030226,100,29.65298837,3E-10,-3.69124E-10,7.6E-16, 0.0337234139,4.19793E-13,56.7685,,0, 100,
83.63322,22.01446,184.55755,-5.78427,15,JLY,2016,57584,,0.000241,100,29.65203163,2E-10,-3.691E-10,9E-17, 0.0337245020,4.19793E-13,56.7582,,0.06042, 100,
83.63322,22.01446,184.55755,-5.78427,15,AUG,2016,57615,,0.013619,130,29.65104306,2E-10,-3.69068E-10,3.7E-16, 0.0337256264,4.19784E-13,56.765,,0.04837, 100,
83.63322,22.01446,184.55755,-5.78427,15,SEP,2016,57646,,0.015324,100,29.65005459,2E-10,-3.69033E-10,3.2E-16, 0.0337267507,4.19772E-13,56.7703,,-0.0181, 100,
83.63322,22.01446,184.55755,-5.78427,15,OCT,2016,57676,,0.020242, 90,29.64909809,2E-10,-3.6901E-10,2.5E-16, 0.0337278388,4.19774E-13,56.7676,,0.0394, 100,
83.63322,22.01446,184.55755,-5.78427, 8,NOV,2016,57700,,0.004083, 80,29.64833294,5E-10,-3.68982E-10,1.63E-15, 0.0337287092,4.19763E-13,56.7991,,1.1314, 100,
83.63322,22.01446,184.55755,-5.78427,23,NOV,2016,57715,,0.016934, 90,29.64785475,4E-10,-3.68971E-10,1.28E-15, 0.0337292532,4.19764E-13,56.7948,,-0.9092, 100,
83.63322,22.01446,184.55755,-5.78427,15,DEC,2016,57737,,0.024934, 80,29.64715343,1E-10,-3.68943E-10,1.9E-16, 0.0337300511,4.19752E-13,56.7765,,-0.0887, 100,
83.63322,22.01446,184.55755,-5.78427,15,JAN,2017,57768,,0.010499,100,29.6461653,2E-10,-3.68913E-10,3.6E-16, 0.0337311753,4.19746E-13,56.7761,,0.1883, 100,
83.63322,22.01446,184.55755,-5.78427,15,FEB,2017,57799,,0.0124,100,29.64517727,3E-10,-3.68879E-10,3.9E-16, 0.0337322996,4.19736E-13,56.7983,,-0.0228, 100,
83.63322,22.01446,184.55755,-5.78427,15,MAR,2017,57827,,0.030854,170,29.64428493,4E-10,-3.68842E-10,6.6E-16, 0.0337333149,4.19719E-13,56.8175,,0.0688, 100,30
83.63322,22.01446,184.55755,-5.78427,15,APR,2017,57858,,0.003728,120,29.64329706,3E-10,-3.68812E-10,4.5E-16, 0.0337344391,4.19713E-13,56.8079,,-0.128, 100,
83.63322,22.01446,184.55755,-5.78427,15,MAY,2017,57888,,0.000379,160,29.64234113,2E-10,-3.68789E-10,2.5E-16, 0.0337355270,4.19714E-13,56.8098,,-0.0474, 100,
83.63322,22.01446,184.55755,-5.78427,15,JUN,2017,57919,,0.009907, 90,29.64135341,3E-10,-3.68752E-10,3.6E-16, 0.0337366512,4.19699E-13,56.8053,,-0.198, 100,
83.63322,22.01446,184.55755,-5.78427,15,JLY,2017,57949,,0.031926,120,29.64039764,1E-10,-3.6873E-10,2.5E-16, 0.0337377390,4.19702E-13,56.7879,,-0.4047, 100,
83.63322,22.01446,184.55755,-5.78427,15,AUG,2017,57980,,0.01593,100,29.63941008,2E-10,-3.68702E-10,2.6E-16, 0.0337388631,4.19698E-13,56.7747,,-0.163, 100,
83.63322,22.01446,184.55755,-5.78427,15,SEP,2017,58011,,0.032808,100,29.63842261,1E-10,-3.68658E-10,2.8E-16, 0.0337399872,4.19676E-13,56.7627,,-0.0285, 100,
83.63322,22.01446,184.55755,-5.78427,15,OCT,2017,58041,,0.032862, 90,29.63746706,2E-10,-3.68636E-10,2.2E-16, 0.0337410750,4.19677E-13,56.7603,,-0.101, 100,
83.63322,22.01446,184.55755,-5.78427, 4,NOV,2017,58061,,0.00856, 20,29.63683008,3E-10,-3.68616E-10,5.19E-15, 0.0337418002,4.19673E-13,56.7574,,0, 100,31
83.63322,22.01446,184.55755,-5.78427,11,NOV,2017,58068,,0.018349,230,29.63662152,7.2E-09,-3.69626E-10,1.063E-13, 0.0337420377,4.20829E-13,56.7575,,0, 100,
83.63322,22.01446,184.55755,-5.78427,22,NOV,2017,58079,,0.02891,340,29.63626913,8E-10,-3.70857E-10,4.12E-15, 0.0337424389,4.2224E-13,56.758,,0, 100,
83.63322,22.01446,184.55755,-5.78427, 8,DEC,2017,58095,,0.022203,230,29.63575676,7E-10,-3.70375E-10,5.53E-15, 0.0337430223,4.21706E-13,56.7576,,0, 100,
83.63322,22.01446,184.55755,-5.78427,24,DEC,2017,58111,,0.009635,200,29.63524505,6E-10,-3.69987E-10,3.81E-15, 0.0337436049,4.21278E-13,56.7576,,0, 100,
83.63322,22.01446,184.55755,-5.78427, 8,JAN,2018,58126,,0.011894,110,29.63476572,4E-10,-3.69737E-10,2.24E-15, 0.0337441507,4.21008E-13,56.7588,,0, 100,
83.63322,22.01446,184.55755,-5.78427,24,JAN,2018,58142,,0.014686,160,29.63425478,5E-10,-3.69489E-10,3.96E-15, 0.0337447325,4.2074E-13,56.7575,,0, 100,
83.63322,22.01446,184.55755,-5.78427, 8,FEB,2018,58157,,0.017039, 60,29.63377602,2E-10,-3.69362E-10,7.3E-16, 0.0337452777,4.20609E-13,56.7565,,0, 100,
83.63322,22.01446,184.55755,-5.78427,24,FEB,2018,58173,,0.014873, 40,29.63326549,2E-10,-3.69259E-10,8.1E-16, 0.0337458590,4.20506E-13,56.7561,,0, 100,
83.63322,22.01446,184.55755,-5.78427, 8,MAR,2018,58185,,0.007781, 40,29.6328827,1E-10,-3.69162E-10,4.9E-16, 0.0337462950,4.20406E-13,56.7579,,0, 100,
83.63322,22.01446,184.55755,-5.78427,24,MAR,2018,58201,,0.030925,100,29.6323724,3E-10,-3.69117E-10,1.64E-15, 0.0337468761,4.2037E-13,56.7579,,0, 100,
83.63322,22.01446,184.55755,-5.78427,15,APR,2018,58223,,0.007068,120,29.63167089,2E-10,-3.69005E-10,4.9E-16, 0.0337476750,4.20262E-13,56.7625,,0, 100,
83.63322,22.01446,184.55755,-5.78427,15,MAY,2018,58253,,0.022283,140,29.63071459,2E-10,-3.68923E-10,7.5E-16, 0.0337487642,4.20195E-13,56.7662,,0, 100,
83.63322,22.01446,184.55755,-5.78427,15,JUN,2018,58284,,0.02981,140,29.62972658,6E-10,-3.68848E-10,5.7E-16, 0.0337498896,4.20138E-13,56.7652,,-0.061, 100,
83.63322,22.01446,184.55755,-5.78427,15,JLY,2018,58314,,0.019643,100,29.62877059,6E-10,-3.68798E-10,1.12E-15, 0.0337509785,4.20108E-13,56.7613,,0, 100,
83.63322,22.01446,184.55755,-5.78427,15,AUG,2018,58345,,0.007006,140,29.62778288,2E-10,-3.68753E-10,5.1E-16, 0.0337521037,4.20085E-13,56.7613,Y,0, 100,
83.63322,22.01446,184.55755,-5.78427,15,SEP,2018,58376,,0.004763, 70,29.6267953,2E-10,-3.68702E-10,3.2E-16, 0.0337532288,4.20055E-13,56.7964,,0, 100,
83.63322,22.01446,184.55755,-5.78427,15,OCT,2018,58406,,0.007345,130,29.6258397,2E-10,-3.68658E-10,4.7E-16, 0.0337543175,4.20032E-13,56.7898,,-0.0681, 100,
83.63322,22.01446,184.55755,-5.78427,15,NOV,2018,58437,,0.015504,200,29.62485234,3E-10,-3.68619E-10,7.1E-16, 0.0337554425,4.20015E-13,56.7887,,0, 100,
83.63322,22.01446,184.55755,-5.78427, 9,DEC,2018,58461,,0.003975, 60,29.624088,2E-10,-3.68608E-10,7.4E-16, 0.0337563134,4.20025E-13,56.7971,,0, 100,
83.63322,22.01446,184.55755,-5.78427,24,DEC,2018,58476,,0.020201,140,29.62361035,5E-10,-3.68596E-10,2.85E-15, 0.0337568577,4.20025E-13,56.8089,,0, 100,
83.63322,22.01446,184.55755,-5.78427,15,JAN,2019,58498,,0.030179,200,29.62290978,3E-10,-3.68539E-10,7.9E-16, 0.0337576561,4.19979E-13,56.7879,,0, 100,
83.63322,22.01446,184.55755,-5.78427,15,FEB,2019,58529,,0.00822,210,29.62192271,2E-10,-3.68514E-10,5.1E-16, 0.0337587809,4.19979E-13,56.7611,,0, 100,
83.63322,22.01446,184.55755,-5.78427,15,MAR,2019,58557,,0.00537,110,29.62103125,1E-10,-3.68473E-10,3E-16, 0.0337597969,4.19958E-13,56.7566,,0, 100,
83.63322,22.01446,184.55755,-5.78427,15,APR,2019,58588,,0.024562, 80,29.62004435,1E-10,-3.68446E-10,1.8E-16, 0.0337609218,4.19955E-13,56.7601,,0.1673, 100,
83.63322,22.01446,184.55755,-5.78427,15,MAY,2019,58618,,0.014572,110,29.61908938,2E-10,-3.6841E-10,2.7E-16, 0.0337620103,4.19941E-13,56.7636,,-0.0356, 100,
83.63322,22.01446,184.55755,-5.78427,15,JUN,2019,58649,,0.029078, 80,29.61810265,1E-10,-3.68399E-10,1.8E-16, 0.0337631351,4.19956E-13,56.7646,,-0.0317, 100,
83.63322,22.01446,184.55755,-5.78427,15,JLY,2019,58679,,0.009189, 50,29.61714783,3E-10,-3.68348E-10,4.4E-16, 0.0337642235,4.19926E-13,56.7621,,-0.0603, 100,
83.63322,22.01446,184.55755,-5.78427,27,JLY,2019,58691,,0.002795, 50,29.61676686,1.8E-09,-3.69076E-10,7.41E-15, 0.0337646579,4.20766E-13,56.7542,,0.1271, 100,
83.63322,22.01446,184.55755,-5.78427, 8,AUG,2019,58703,,0.016125,120,29.6163845,5E-10,-3.68553E-10,3.57E-15, 0.0337650938,4.20181E-13,56.7523,,0, 100,
83.63322,22.01446,184.55755,-5.78427,24,AUG,2019,58719,,0.021777, 60,29.61587513,1E-10,-3.68417E-10,7.9E-16, 0.0337656745,4.2004E-13,56.7499,,0, 100,
83.63322,22.01446,184.55755,-5.78427,15,SEP,2019,58741,,0.024363, 75,29.61517489,1E-10,-3.68362E-10,2.6E-16, 0.0337664729,4.19997E-13,56.7479,,0.0291, 100,
83.63322,22.01446,184.55755,-5.78427,15,OCT,2019,58771,,0.025871,200,29.61422016,4E-10,-3.68311E-10,6.4E-16, 0.0337675615,4.19966E-13,56.7431,,0.1911, 100,
83.63322,22.01446,184.55755,-5.78427,15,NOV,2019,58802,,0.017999, 80,29.61323373,2E-10,-3.68283E-10,2.8E-16, 0.0337686863,4.19962E-13,56.7498,,0.0266, 100,
83.63322,22.01446,184.55755,-5.78427,15,DEC,2019,58832,,0.028068,120,29.61227917,7E-10,-3.68261E-10,3.7E-16, 0.0337697748,4.19964E-13,56.7532,,-0.1703, 100,
83.63322,22.01446,184.55755,-5.78427,15,JAN,2020,58863,,0.00701, 60,29.61129286,2E-10,-3.68218E-10,1.5E-16, 0.0337708997,4.19943E-13,56.7476,,-0.0547, 100,
83.63322,22.01446,184.55755,-5.78427,15,FEB,2020,58894,,0.005449,120,29.61030665,5E-10,-3.68196E-10,4.2E-16, 0.0337720244,4.19946E-13,56.7481,,0.1847, 100,
83.63322,22.01446,184.55755,-5.78427, 9,MAR,2020,58917,,0.025552, 50,29.609575,2E-10,-3.68175E-10,6.8E-16, 0.0337728589,4.19942E-13,56.7628,,0.3177, 100,
83.63322,22.01446,184.55755,-5.78427,15,MAY,2020,58984,,0.010677, 90,29.60744394,2E-10,-3.68087E-10,4.4E-16, 0.0337752898,4.19903E-13,56.7661,,0.3177, 100,
83.63322,22.01446,184.55755,-5.78427,15,JUN,2020,59015,,0.025537,100,29.60645807,2E-10,-3.68064E-10,3.3E-16, 0.0337764145,4.19905E-13,56.7525,,-0.3182, 100,
83.63322,22.01446,184.55755,-5.78427,15,JLY,2020,59045,,0.027257,160,29.60550409,2E-10,-3.68032E-10,3.9E-16, 0.0337775029,4.19895E-13,56.7499,,-0.084, 100,
83.63322,22.01446,184.55755,-5.78427,15,AUG,2020,59076,,0.023841, 80,29.60451839,1E-10,-3.68016E-10,2.1E-16, 0.0337786275,4.19905E-13,56.7509,,-0.084, 100,
83.63322,22.01446,184.55755,-5.78427,15,SEP,2020,59107,,0.022102,110,29.60353274,4E-10,-3.67981E-10,4.4E-16, 0.0337797522,4.19893E-13,56.7609,,-0.2654, 100,
83.63322,22.01446,184.55755,-5.78427,15,OCT,2020,59137,,0.030301,140,29.60257897,3E-10,-3.67953E-10,4.6E-16, 0.0337808405,4.19888E-13,56.7547,,0.01511, 100,
83.63322,22.01446,184.55755,-5.78427,15,NOV,2020,59168,,0.005582,120,29.60159349,2E-10,-3.67917E-10,3.2E-16, 0.0337819652,4.19875E-13,56.7682,,0.22666, 100,
83.63322,22.01446,184.55755,-5.78427,15,DEC,2020,59198,,0.024389,170,29.60063989,2E-10,-3.67887E-10,3.9E-16, 0.0337830535,4.19868E-13,56.7858,,-0.37161, 100,
83.63322,22.01446,184.55755,-5.78427,15,JAN,2021,59229,,0.012378,170,29.5996546,2E-10,-3.6786E-10,3.8E-16, 0.0337841780,4.19864E-13,56.7758,,0.05507, 100,
83.63322,22.01446,184.55755,-5.78427,15,FEB,2021,59260,,0.031717, 90,29.59866937,1E-10,-3.67823E-10,2.7E-16, 0.0337853026,4.1985E-13,56.7568,,-0.17025, 100,
83.63322,22.01446,184.55755,-5.78427,15,MAR,2021,59288,,0.010925,180,29.59777956,3E-10,-3.67791E-10,5E-16, 0.0337863183,4.19839E-13,56.7637,,-0.09292, 100,
83.63322,22.01446,184.55755,-5.78427,15,APR,2021,59319,,0.025313,130,29.5967945,2E-10,-3.67769E-10,2.8E-16, 0.0337874428,4.19841E-13,56.7629,,0.22784, 100,
83.63322,22.01446,184.55755,-5.78427,15,MAY,2021,59349,,0.02628,160,29.59584129,3E-10,-3.67734E-10,5.9E-16, 0.0337885310,4.19829E-13,56.7606,,0.30135, 100,
83.63322,22.01446,184.55755,-5.78427,15,JUN,2021,59380,,0.015355,100,29.59485639,1E-10,-3.67701E-10,2.2E-16, 0.0337896554,4.1982E-13,56.7477,,-0.06464, 100,
83.63322,22.01446,184.55755,-5.78427,15,JLY,2021,59410,,0.028742,110,29.59390334,1E-10,-3.67686E-10,2.3E-16, 0.0337907436,4.1983E-13,56.7418,,-0.07957, 100,
83.63322,22.01446,184.55755,-5.78427,15,AUG,2021,59441,,0.03205,140,29.59291859,2E-10,-3.67647E-10,3.2E-16, 0.0337918680,4.19812E-13,56.7441,,0.20628, 100,
83.63322,22.01446,184.55755,-5.78427,15,SEP,2021,59472,,0.015798,140,29.59193393,2E-10,-3.67623E-10,3.7E-16, 0.0337929925,4.19813E-13,56.7491,,-0.53732, 100,
83.63322,22.01446,184.55755,-5.78427,15,OCT,2021,59502,,0.021138,140,29.59098109,2E-10,-3.67592E-10,3.9E-16, 0.0337940806,4.19804E-13,56.7331,,0.0607, 100,
83.63322,22.01446,184.55755,-5.78427,15,NOV,2021,59533,,0.011954,110,29.58999658,3E-10,-3.67558E-10,4E-16, 0.0337952050,4.19793E-13,56.7292,,0.01548, 100,
83.63322,22.01446,184.55755,-5.78427,15,DEC,2021,59563,,0.030204,100,29.58904391,1E-10,-3.67528E-10,2.2E-16, 0.0337962931,4.19786E-13,56.7383,,0.1112, 100,
83.63322,22.01446,184.55755,-5.78427,15,JAN,2022,59594,,0.031455, 70,29.58805958,1E-10,-3.67486E-10,1.5E-16, 0.0337974174,4.19766E-13,56.7453,,0.12894, 100,
83.63322,22.01446,184.55755,-5.78427,15,FEB,2022,59625,,0.00964,100,29.58707532,3E-10,-3.6747E-10,3.6E-16, 0.0337985417,4.19776E-13,56.7395,,-0.05804, 100,
83.63322,22.01446,184.55755,-5.78427,15,MAR,2022,59653,,0.032128,230,29.58618638,4E-10,-3.67434E-10,6.1E-16, 0.0337995572,4.19761E-13,56.7728,,1.28904, 100,
83.63322,22.01446,184.55755,-5.78427,15,APR,2022,59684,,0.009283,200,29.58520228,4E-10,-3.67411E-10,7.3E-16, 0.0338006815,4.19761E-13,56.7472,,-0.34124, 100,
83.63322,22.01446,184.55755,-5.78427,15,MAY,2022,59714,,0.004521, 70,29.58425001,1E-10,-3.67373E-10,2.2E-16, 0.0338017695,4.19746E-13,56.7263,,0.0336, 100,
83.63322,22.01446,184.55755,-5.78427,15,JUN,2022,59745,,0.020359, 90,29.58326608,2E-10,-3.67344E-10,2.8E-16, 0.0338028937,4.1974E-13,56.7296,,0.02404, 100,
83.63322,22.01446,184.55755,-5.78427,15,JLY,2022,59775,,0.030062,120,29.58231395,2E-10,-3.67322E-10,2.9E-16, 0.0338039817,4.19743E-13,56.7301,,-0.03211, 100,
83.63322,22.01446,184.55755,-5.78427,15,AUG,2022,59806,,0.024283, 60,29.58133017,1E-10,-3.67279E-10,2E-16, 0.0338051059,4.19721E-13,56.7278,,-0.05625, 100,
83.63322,22.01446,184.55755,-5.78427,15,SEP,2022,59837,,0.012912,110,29.58034647,2E-10,-3.67249E-10,4.7E-16, 0.0338062301,4.19715E-13,56.727,,0.00129, 100,
83.63322,22.01446,184.55755,-5.78427,15,OCT,2022,59867,,0.033653, 50,29.57939458,1E-10,-3.67226E-10,1.4E-16, 0.0338073180,4.19716E-13,56.7296,,0.02763, 100,
83.63322,22.01446,184.55755,-5.78427,15,NOV,2022,59898,,0.024832, 80,29.57841104,2E-10,-3.67199E-10,1.9E-16, 0.0338084422,4.19712E-13,56.7336,,0.16572, 100,
83.63322,22.01446,184.55755,-5.78427,15,DEC,2022,59928,,0.027096, 90,29.5774593,2E-10,-3.67163E-10,2.6E-16, 0.0338095301,4.19698E-13,56.7337,,-0.11979, 100,
83.63322,22.01446,184.55755,-5.78427,15,JAN,2023,59959,,0.02559,100,29.57647593,2E-10,-3.67135E-10,2.5E-16, 0.0338106542,4.19694E-13,56.7275,,0.10968, 100,
83.63322,22.01446,184.55755,-5.78427,15,FEB,2023,59990,,0.015135, 90,29.57549266,2E-10,-3.6709E-10,2.5E-16, 0.0338117783,4.19671E-13,56.7264,,-0.22126, 100,
83.63322,22.01446,184.55755,-5.78427,15,MAR,2023,60018,,0.026702, 50,29.57460462,1E-10,-3.67076E-10,1.6E-16, 0.0338127935,4.1968E-13,56.7186,,0.01007, 100,
83.63322,22.01446,184.55755,-5.78427,15,APR,2023,60049,,0.013875, 80,29.5736215,2E-10,-3.67033E-10,2.3E-16, 0.0338139176,4.19659E-13,56.7233,,0.07172, 100,
83.63322,22.01446,184.55755,-5.78427,15,MAY,2023,60079,,0.014193,210,29.57267016,4E-10,-3.67017E-10,5.8E-16, 0.0338150054,4.19668E-13,56.7277,,-0.19355, 100,
83.63322,22.01446,184.55755,-5.78427,15,JUN,2023,60110,,0.001312,100,29.57168723,1E-10,-3.66963E-10,1.7E-16, 0.0338161293,4.19634E-13,56.7315,,0.18047, 100,
83.63322,22.01446,184.55755,-5.78427,15,JLY,2023,60140,,0.015303,100,29.57073607,1E-10,-3.66946E-10,4.1E-16, 0.0338172170,4.19641E-13,56.7385,,0.18047, 100,
83.63322,22.01446,184.55755,-5.78427,15,AUG,2023,60171,,0.005015,110,29.56975326,2E-10,-3.66922E-10,5E-16, 0.0338183410,4.19641E-13,56.7433,,-0.01497, 100,
83.63322,22.01446,184.55755,-5.78427,15,SEP,2023,60202,,0.003195, 40,29.56877054,1E-10,-3.66891E-10,2.2E-16, 0.0338194650,4.19633E-13,56.7407,,-0.01497, 100,
83.63322,22.01446,184.55755,-5.78427,15,OCT,2023,60232,,0.011073,120,29.56781958,3E-10,-3.66857E-10,3.6E-16, 0.0338205527,4.19622E-13,56.7415,,-0.02581, 100,
83.63322,22.01446,184.55755,-5.78427,15,NOV,2023,60263,,0.007632,140,29.56683702,8E-10,-3.66824E-10,5E-16, 0.0338216766,4.19612E-13,56.7312,,-0.46072, 100,
83.63322,22.01446,184.55755,-5.78427,15,DEC,2023,60293,,0.029319, 70,29.56588626,1E-10,-3.66801E-10,1.6E-16, 0.0338227642,4.19612E-13,56.7267,,0.01398, 100,
83.63322,22.01446,184.55755,-5.78427,15,JAN,2024,60324,,0.02502, 80,29.56490389,1E-10,-3.66755E-10,2.1E-16, 0.0338238881,4.19588E-13,56.7388,,0.19337, 100,
83.63322,22.01446,184.55755,-5.78427,15,FEB,2024,60355,,0.022416,180,29.5639216,3E-10,-3.66728E-10,4.9E-16, 0.0338250119,4.19585E-13,56.7584,,0.263, 100,
83.63322,22.01446,184.55755,-5.78427,15,MAR,2024,60384,,0.02839,110,29.56300275,1E-10,-3.66709E-10,2.4E-16, 0.0338260632,4.19589E-13,56.7518,,-0.6363, 100,
83.63322,22.01446,184.55755,-5.78427,15,APR,2024,60415,,0.019031,100,29.56202062,2E-10,-3.66668E-10,2.9E-16, 0.0338271870,4.19571E-13,56.727,,0.02681, 100,
83.63322,22.01446,184.55755,-5.78427,15,MAY,2024,60445,,0.026939,100,29.56107026,1E-10,-3.66643E-10,1.7E-16, 0.0338282745,4.19568E-13,56.7278,,-0.03202, 100,
83.63322,22.01446,184.55755,-5.78427,15,JUN,2024,60476,,0.010615, 80,29.56008827,1E-10,-3.66618E-10,1.4E-16, 0.0338293983,4.19568E-13,56.7252,,-0.04665, 100,
83.63322,22.01446,184.55755,-5.78427,15,JLY,2024,60506,,0.001278,160,29.55913804,2E-10,-3.6658E-10,3.3E-16, 0.0338304858,4.19551E-13,56.7241,,0.00801, 100,
83.63322,22.01446,184.55755,-5.78427,15,AUG,2024,60537,,0.018512, 60,29.55815625,1E-10,-3.66544E-10,1.4E-16, 0.0338316095,4.19538E-13,56.731,,0.19531, 100,
83.63322,22.01446,184.55755,-5.78427,15,SEP,2024,60568,,0.020212,100,29.55717451,1E-10,-3.6653E-10,2.2E-16, 0.0338327332,4.1955E-13,56.7346,,-0.12195, 100,
83.63322,22.01446,184.55755,-5.78427,15,OCT,2024,60598,,0.016364, 90,29.55622452,1E-10,-3.6649E-10,1.8E-16, 0.0338338207,4.19531E-13,56.7234,,-0.16167, 100,
83.63322,22.01446,184.55755,-5.78427,15,NOV,2024,60629,,0.009517, 55,29.55524293,1E-10,-3.66471E-10,1.4E-16, 0.0338349444,4.19538E-13,56.7128,,-0.0576, 100,
83.63322,22.01446,184.55755,-5.78427,15,DEC,2024,60659,,0.020752,110,29.5542931,2E-10,-3.6642E-10,3.7E-16, 0.0338360318,4.19506E-13,56.7091,,-0.0383, 100,
83.63322,22.01446,184.55755,-5.78427,15,JAN,2025,60690,,0.009025,120,29.5533117,2E-10,-3.66404E-10,3.4E-16, 0.0338371554,4.19516E-13,56.7084,,0.11835, 100,
83.63322,22.01446,184.55755,-5.78427,15,FEB,2025,60721,,0.014454,110,29.55233037,8E-10,-3.66373E-10,4.3E-16, 0.0338382790,4.19508E-13,56.7213,,0.14991, 100,
83.63322,22.01446,184.55755,-5.78427,15,MAR,2025,60749,,0.028769, 90,29.5514441,2E-10,-3.66334E-10,2.6E-16, 0.0338392938,4.19489E-13,56.7071,,-0.10213, 100,